id,Цена
36034143,0.0
36049643,0.0
36018405,0.0
35851719,0.0
35846125,0.0
35849903,0.0
36086761,0.0
31120693,0.0
36010733,0.0
35819913,0.0
35825147,0.0
36002347,0.0
32344437,0.0
36023929,0.0
36089335,0.0
35965585,0.0
35929863,0.0
36044839,0.0
36038347,0.0
30695895,0.0
36027723,0.0
36006717,0.0
35797281,0.0
35886835,0.0
35964855,0.0
36029029,0.0
35901211,0.0
36048649,0.0
35739721,0.0
36040819,0.0
35867493,0.0
35993225,0.0
35834325,0.0
35875315,0.0
36045169,0.0
35897189,0.0
36029457,0.0
35851045,0.0
35759691,0.0
35891363,0.0
35816323,0.0
36017003,0.0
35851335,0.0
35753009,0.0
36031455,0.0
35738071,0.0
35911471,0.0
36067935,0.0
35868359,0.0
35858537,0.0
35824473,0.0
35776279,0.0
17822729,0.0
36022241,0.0
35880785,0.0
35774057,0.0
35832545,0.0
35880655,0.0
36044061,0.0
35859513,0.0
35873259,0.0
36052179,0.0
35882631,0.0
36038229,0.0
35857437,0.0
35807597,0.0
35800471,0.0
35793485,0.0
35806723,0.0
35958423,0.0
35782257,0.0
35814977,0.0
36063117,0.0
35889283,0.0
35903691,0.0
35852207,0.0
35879333,0.0
36071165,0.0
35787041,0.0
35762335,0.0
36025233,0.0
35802203,0.0
35812193,0.0
35906849,0.0
35768263,0.0
35831975,0.0
35979363,0.0
35775983,0.0
35786509,0.0
35876447,0.0
35874679,0.0
36057111,0.0
36013707,0.0
35859043,0.0
35999399,0.0
35949619,0.0
35800735,0.0
35991513,0.0
36012997,0.0
35785361,0.0
35484081,0.0
36048971,0.0
35821787,0.0
35883231,0.0
35870117,0.0
35998761,0.0
35872857,0.0
36038027,0.0
36095521,0.0
35745535,0.0
33879159,0.0
35552369,0.0
36046535,0.0
35696935,0.0
36037673,0.0
35873271,0.0
35911109,0.0
35768469,0.0
36011663,0.0
30612697,0.0
35752843,0.0
35861709,0.0
35793911,0.0
35835743,0.0
36048251,0.0
36061681,0.0
35758035,0.0
35737871,0.0
35813337,0.0
35750227,0.0
36026879,0.0
35804797,0.0
35822385,0.0
36009019,0.0
36025657,0.0
35829855,0.0
35864113,0.0
35831755,0.0
35859527,0.0
35889635,0.0
35816665,0.0
36017657,0.0
35761743,0.0
33714697,0.0
35963883,0.0
36013181,0.0
35832577,0.0
35798805,0.0
36051445,0.0
36056473,0.0
35814463,0.0
35860357,0.0
36000927,0.0
35968673,0.0
35819283,0.0
35795063,0.0
35874685,0.0
35852323,0.0
35780993,0.0
35852825,0.0
35983623,0.0
35855095,0.0
35801013,0.0
35840097,0.0
35021631,0.0
35846225,0.0
36026151,0.0
35890165,0.0
36073353,0.0
35816047,0.0
35999021,0.0
35805831,0.0
36040405,0.0
36011981,0.0
31402207,0.0
35768477,0.0
35965525,0.0
35861931,0.0
36046137,0.0
35897563,0.0
35979547,0.0
35778299,0.0
35795737,0.0
36033897,0.0
35885969,0.0
35855789,0.0
36035585,0.0
36017511,0.0
35833609,0.0
34288145,0.0
36044251,0.0
36068119,0.0
35841737,0.0
35880555,0.0
35800585,0.0
35739235,0.0
36085943,0.0
36013163,0.0
35841957,0.0
35768317,0.0
35771861,0.0
35795363,0.0
36016603,0.0
35998857,0.0
35957109,0.0
35899863,0.0
35844957,0.0
35871801,0.0
35807511,0.0
35555207,0.0
35836579,0.0
35846573,0.0
35975905,0.0
36002417,0.0
36050061,0.0
35120297,0.0
35830011,0.0
35816069,0.0
35862003,0.0
36061063,0.0
35952373,0.0
35886591,0.0
36068117,0.0
35661773,0.0
32792573,0.0
36050243,0.0
36041573,0.0
35751045,0.0
35760741,0.0
35862257,0.0
35772643,0.0
35510613,0.0
35865201,0.0
35886791,0.0
35978153,0.0
35806621,0.0
35958463,0.0
36038349,0.0
35840371,0.0
35901403,0.0
28700603,0.0
35897463,0.0
35853679,0.0
36087799,0.0
36013387,0.0
36027373,0.0
35874757,0.0
35911531,0.0
35761221,0.0
36040577,0.0
35831419,0.0
36035703,0.0
35840239,0.0
35812205,0.0
36002435,0.0
35763563,0.0
36047765,0.0
35889541,0.0
29880311,0.0
35793721,0.0
36051167,0.0
35819621,0.0
35815685,0.0
36009953,0.0
36026071,0.0
35811477,0.0
36037779,0.0
35899913,0.0
36018323,0.0
35888737,0.0
35943401,0.0
35878485,0.0
36003563,0.0
36046765,0.0
36012797,0.0
35852085,0.0
36068309,0.0
35763469,0.0
35774709,0.0
36032991,0.0
35691153,0.0
35917929,0.0
36035083,0.0
35862491,0.0
35881559,0.0
35942119,0.0
35835957,0.0
35889163,0.0
36063621,0.0
35883189,0.0
35996143,0.0
35784169,0.0
35831571,0.0
35963869,0.0
35845365,0.0
35840309,0.0
35734449,0.0
36026545,0.0
35862531,0.0
35776127,0.0
36000313,0.0
35751663,0.0
36016877,0.0
35878637,0.0
36021257,0.0
35823853,0.0
35802405,0.0
36037577,0.0
35761271,0.0
35796629,0.0
36035147,0.0
36009351,0.0
35798847,0.0
36025863,0.0
36088125,0.0
35758495,0.0
35782073,0.0
36049831,0.0
32126369,0.0
35874743,0.0
35840033,0.0
35821619,0.0
36061943,0.0
35761087,0.0
35763383,0.0
35831551,0.0
35886137,0.0
36011273,0.0
35876145,0.0
35871335,0.0
35776501,0.0
35820477,0.0
35857169,0.0
36020637,0.0
35864963,0.0
35831615,0.0
35907231,0.0
36033425,0.0
35758343,0.0
35810901,0.0
35989381,0.0
35868055,0.0
32126343,0.0
35798365,0.0
36072547,0.0
35840059,0.0
36019165,0.0
35886043,0.0
36062285,0.0
36034783,0.0
36058203,0.0
36018223,0.0
35864893,0.0
36040691,0.0
36056231,0.0
36067777,0.0
36057947,0.0
36027415,0.0
35878569,0.0
35839913,0.0
35795009,0.0
35793815,0.0
35769399,0.0
35885831,0.0
36033745,0.0
35871557,0.0
35870973,0.0
35967649,0.0
35815921,0.0
35779315,0.0
36031383,0.0
35851655,0.0
35964183,0.0
36004557,0.0
36071015,0.0
35765569,0.0
36017245,0.0
35839127,0.0
36060717,0.0
35889925,0.0
35997891,0.0
36026619,0.0
35782977,0.0
36034501,0.0
35808159,0.0
35807859,0.0
36041477,0.0
35874895,0.0
29299037,0.0
36044701,0.0
35745685,0.0
35884269,0.0
35845685,0.0
35778267,0.0
35842205,0.0
35871783,0.0
35768357,0.0
35805285,0.0
35829811,0.0
36038169,0.0
36085031,0.0
36029591,0.0
35819759,0.0
15321629,0.0
35753007,0.0
35851587,0.0
35860227,0.0
36047301,0.0
36078879,0.0
35804785,0.0
36097649,0.0
35868287,0.0
35890471,0.0
36037157,0.0
35876301,0.0
36051303,0.0
35938559,0.0
36030573,0.0
35855683,0.0
35875489,0.0
35991537,0.0
35778483,0.0
35876037,0.0
36016393,0.0
35829765,0.0
35767999,0.0
35985295,0.0
35889321,0.0
35750285,0.0
32184891,0.0
36026129,0.0
35760521,0.0
35851805,0.0
35883179,0.0
35738419,0.0
36033829,0.0
35884595,0.0
36057393,0.0
35776315,0.0
36010583,0.0
35883289,0.0
35799963,0.0
35874199,0.0
35740385,0.0
36016549,0.0
35871881,0.0
36029007,0.0
36045009,0.0
35775497,0.0
35800565,0.0
36034617,0.0
36012781,0.0
36081403,0.0
35838201,0.0
35795639,0.0
35985463,0.0
35906517,0.0
35796715,0.0
35762209,0.0
35897273,0.0
33642113,0.0
35800899,0.0
36016035,0.0
35862141,0.0
35841959,0.0
35965437,0.0
35975699,0.0
35911127,0.0
36047153,0.0
35864193,0.0
36027829,0.0
36051719,0.0
36037129,0.0
35965445,0.0
35862197,0.0
35901133,0.0
35754481,0.0
35772319,0.0
35902869,0.0
35732165,0.0
35778011,0.0
36096705,0.0
36088147,0.0
35829593,0.0
35911221,0.0
36051211,0.0
36018007,0.0
36037139,0.0
36040579,0.0
36026203,0.0
36000339,0.0
35879679,0.0
35996131,0.0
35855153,0.0
36046017,0.0
36030353,0.0
36009959,0.0
35862357,0.0
36052967,0.0
36027293,0.0
36067793,0.0
35964349,0.0
36039795,0.0
32596109,0.0
35835381,0.0
36034945,0.0
35796745,0.0
35886485,0.0
35878587,0.0
35763021,0.0
35962099,0.0
35919791,0.0
35999095,0.0
35776149,0.0
35875709,0.0
36060927,0.0
35778049,0.0
35787883,0.0
35848413,0.0
35753161,0.0
35760915,0.0
35775559,0.0
35929709,0.0
35858601,0.0
35879759,0.0
35740007,0.0
35864287,0.0
36021539,0.0
36046961,0.0
35869567,0.0
35776281,0.0
35819921,0.0
35842879,0.0
36072895,0.0
35767961,0.0
35795821,0.0
35964899,0.0
35874699,0.0
35836101,0.0
35880417,0.0
35780645,0.0
35861621,0.0
36011813,0.0
36046377,0.0
35911541,0.0
35880975,0.0
35791187,0.0
35849501,0.0
35880853,0.0
35875085,0.0
35855089,0.0
35808637,0.0
35749859,0.0
36050957,0.0
36004813,0.0
36010197,0.0
36043859,0.0
35800473,0.0
35991727,0.0
35760453,0.0
36055843,0.0
36031365,0.0
35985595,0.0
36044675,0.0
35756747,0.0
35875393,0.0
36040561,0.0
35874313,0.0
36072045,0.0
35857813,0.0
35965561,0.0
35814991,0.0
35796539,0.0
35761973,0.0
36026985,0.0
36078463,0.0
35834835,0.0
36059555,0.0
35746127,0.0
35952293,0.0
35739521,0.0
36035461,0.0
35820449,0.0
35801181,0.0
35860091,0.0
35889429,0.0
35804823,0.0
35774509,0.0
35825769,0.0
35798851,0.0
35878967,0.0
35782233,0.0
23468867,0.0
36061431,0.0
35761293,0.0
35763647,0.0
20153187,0.0
35808385,0.0
35883969,0.0
36050291,0.0
36042625,0.0
35856659,0.0
35989185,0.0
35905801,0.0
36069255,0.0
35851489,0.0
35827557,0.0
35853741,0.0
36037919,0.0
35849789,0.0
36009643,0.0
35811255,0.0
36020001,0.0
36073787,0.0
35758361,0.0
36023819,0.0
35876377,0.0
35898425,0.0
36048495,0.0
35778437,0.0
35900835,0.0
36045013,0.0
35878847,0.0
36026717,0.0
35776789,0.0
35798903,0.0
35750867,0.0
35910939,0.0
35821605,0.0
35815071,0.0
36027707,0.0
35965147,0.0
35922271,0.0
35798475,0.0
35819715,0.0
35840235,0.0
36006305,0.0
36014655,0.0
36057965,0.0
35763441,0.0
30866439,0.0
35830181,0.0
35829693,0.0
36009207,0.0
35839929,0.0
35782883,0.0
35942175,0.0
36030585,0.0
36068989,0.0
35861649,0.0
36021617,0.0
35889519,0.0
35822655,0.0
36063773,0.0
35949875,0.0
35978049,0.0
36048761,0.0
36047621,0.0
35808063,0.0
35796579,0.0
35761797,0.0
36051923,0.0
35819873,0.0
36027255,0.0
35964171,0.0
36001347,0.0
35830543,0.0
35787647,0.0
35832261,0.0
30505877,0.0
35835489,0.0
35890513,0.0
35962303,0.0
36027183,0.0
35846145,0.0
36059589,0.0
35874429,0.0
36037639,0.0
35776939,0.0
35831487,0.0
35822995,0.0
36038485,0.0
36022267,0.0
35811293,0.0
35851169,0.0
35783013,0.0
35761763,0.0
35856499,0.0
35852645,0.0
35870891,0.0
35882627,0.0
36060399,0.0
35897437,0.0
36020603,0.0
35875161,0.0
35996981,0.0
35861705,0.0
36057553,0.0
36053143,0.0
35911329,0.0
35858831,0.0
35826421,0.0
35874489,0.0
35785561,0.0
35898361,0.0
35906371,0.0
35869873,0.0
36062693,0.0
35962657,0.0
35839931,0.0
35831927,0.0
35804625,0.0
35808667,0.0
35839433,0.0
35919697,0.0
36058649,0.0
35905123,0.0
35831247,0.0
35875077,0.0
35776787,0.0
36011913,0.0
35868693,0.0
36029615,0.0
35896933,0.0
35816107,0.0
36063045,0.0
35864931,0.0
35763905,0.0
35957107,0.0
35875001,0.0
34078317,0.0
35805783,0.0
35812991,0.0
35943777,0.0
35759521,0.0
35875375,0.0
36045597,0.0
29545689,0.0
35816661,0.0
35906583,0.0
35998611,0.0
36071227,0.0
35842185,0.0
35780173,0.0
35836409,0.0
36056317,0.0
35839439,0.0
35752797,0.0
35855821,0.0
36089553,0.0
35868151,0.0
36047473,0.0
35788447,0.0
36014585,0.0
35785383,0.0
35886893,0.0
36038219,0.0
35887959,0.0
35753253,0.0
35964847,0.0
36021663,0.0
35852863,0.0
32792563,0.0
35749011,0.0
35754325,0.0
36057839,0.0
35971239,0.0
35763359,0.0
36011231,0.0
35845669,0.0
36042539,0.0
36013101,0.0
35886543,0.0
35961237,0.0
36028413,0.0
35856001,0.0
36086699,0.0
35852065,0.0
35827451,0.0
35949613,0.0
35897319,0.0
36021581,0.0
35756921,0.0
35898691,0.0
36029229,0.0
36048807,0.0
35772775,0.0
35881093,0.0
35849407,0.0
35831779,0.0
35763219,0.0
35845953,0.0
35849449,0.0
35868345,0.0
35754529,0.0
35800883,0.0
35821777,0.0
35745635,0.0
36042155,0.0
35826213,0.0
35776037,0.0
35967495,0.0
35753765,0.0
35825755,0.0
36049863,0.0
35776807,0.0
35837361,0.0
35990017,0.0
35804425,0.0
36049049,0.0
35798289,0.0
35869595,0.0
35743881,0.0
35829909,0.0
36077801,0.0
35804761,0.0
36057877,0.0
36047957,0.0
35745813,0.0
35999205,0.0
35739395,0.0
36016405,0.0
35777005,0.0
35985537,0.0
36003865,0.0
36046579,0.0
36017077,0.0
36058353,0.0
35871895,0.0
36038307,0.0
35778339,0.0
35862147,0.0
35882523,0.0
35870191,0.0
35834927,0.0
35978147,0.0
36015317,0.0
35806323,0.0
35796565,0.0
35975767,0.0
35763289,0.0
35757461,0.0
36045085,0.0
36037591,0.0
35811383,0.0
35816271,0.0
36027607,0.0
36067417,0.0
35829967,0.0
36011221,0.0
36063001,0.0
36048573,0.0
35832221,0.0
35796717,0.0
36037061,0.0
35879599,0.0
35814437,0.0
35820483,0.0
36027421,0.0
36049169,0.0
35889109,0.0
36068229,0.0
35886343,0.0
35816673,0.0
36006035,0.0
36016687,0.0
36061059,0.0
35846531,0.0
35809841,0.0
35755801,0.0
35815523,0.0
35792235,0.0
35808425,0.0
35874505,0.0
35899937,0.0
36045507,0.0
36016413,0.0
35882529,0.0
35761081,0.0
35862067,0.0
35962177,0.0
35752721,0.0
36003839,0.0
35782429,0.0
35864741,0.0
36000149,0.0
35676847,0.0
36029987,0.0
36017751,0.0
36029739,0.0
35914287,0.0
35798621,0.0
35824305,0.0
35836931,0.0
36003489,0.0
35785555,0.0
35823919,0.0
35846337,0.0
36009881,0.0
35753211,0.0
35818803,0.0
35785247,0.0
36037523,0.0
35782869,0.0
36034109,0.0
35746225,0.0
35847999,0.0
35808137,0.0
35786675,0.0
36057223,0.0
36014465,0.0
35776749,0.0
35852445,0.0
35999973,0.0
35852071,0.0
35836447,0.0
35969443,0.0
36029341,0.0
35875049,0.0
35981843,0.0
36010397,0.0
35814591,0.0
35971943,0.0
36025893,0.0
35852427,0.0
35782407,0.0
35989027,0.0
36048355,0.0
35969099,0.0
35772753,0.0
36040207,0.0
36009779,0.0
36057985,0.0
35846487,0.0
35888505,0.0
35783035,0.0
35851405,0.0
36038017,0.0
35440103,0.0
35775429,0.0
36053691,0.0
35943523,0.0
35876517,0.0
35821569,0.0
36025443,0.0
36045019,0.0
36005805,0.0
36095595,0.0
35812813,0.0
35776659,0.0
35861973,0.0
36045049,0.0
35901943,0.0
35998017,0.0
36018409,0.0
35798767,0.0
36053141,0.0
35851229,0.0
35802509,0.0
36012773,0.0
35881581,0.0
35899855,0.0
36059245,0.0
35882755,0.0
36025583,0.0
36035283,0.0
35872083,0.0
35845691,0.0
36050239,0.0
35830213,0.0
36001237,0.0
36021921,0.0
36035413,0.0
35579821,0.0
35868887,0.0
36017819,0.0
35903581,0.0
36045273,0.0
36087235,0.0
35840101,0.0
35868017,0.0
35909317,0.0
35835491,0.0
35795717,0.0
36051849,0.0
36055771,0.0
36052139,0.0
35845885,0.0
35821275,0.0
35847841,0.0
35760475,0.0
35772703,0.0
35854619,0.0
36057113,0.0
36050469,0.0
35800649,0.0
36095589,0.0
35815833,0.0
35785099,0.0
36023815,0.0
35878409,0.0
35855009,0.0
35846303,0.0
35830547,0.0
35753257,0.0
35837165,0.0
36028061,0.0
35880581,0.0
35846587,0.0
35732869,0.0
35745421,0.0
36040851,0.0
35852743,0.0
36014561,0.0
35996231,0.0
35816267,0.0
36021531,0.0
35818045,0.0
35961087,0.0
35758039,0.0
36078389,0.0
35831745,0.0
31976519,0.0
35815195,0.0
35815765,0.0
35734851,0.0
35755035,0.0
36038901,0.0
36031011,0.0
35830083,0.0
35845753,0.0
20894563,0.0
35751655,0.0
36035451,0.0
35787187,0.0
36017759,0.0
36003523,0.0
35829829,0.0
35830115,0.0
35864419,0.0
35998183,0.0
35838079,0.0
26749659,0.0
36017263,0.0
36045989,0.0
35858959,0.0
36005869,0.0
35758451,0.0
35801267,0.0
36050515,0.0
35906289,0.0
36063405,0.0
36016609,0.0
15165335,0.0
35862103,0.0
35867111,0.0
36037315,0.0
35798129,0.0
35870215,0.0
35860851,0.0
35780261,0.0
36046791,0.0
36048261,0.0
35970389,0.0
35979759,0.0
35846331,0.0
35854101,0.0
35971361,0.0
35854833,0.0
35864715,0.0
35862553,0.0
35878759,0.0
35819989,0.0
35813397,0.0
36006443,0.0
36035473,0.0
35779205,0.0
35818009,0.0
35781825,0.0
35836419,0.0
35768255,0.0
36050741,0.0
35754007,0.0
35861881,0.0
35762273,0.0
36059731,0.0
35900005,0.0
35824191,0.0
35834273,0.0
35962525,0.0
35766127,0.0
35744485,0.0
35801071,0.0
36040383,0.0
36080585,0.0
36063469,0.0
36035949,0.0
35851217,0.0
36000151,0.0
36047767,0.0
35745875,0.0
16956857,0.0
35776269,0.0
35851305,0.0
35837407,0.0
35792883,0.0
35865279,0.0
35798379,0.0
36043595,0.0
35754565,0.0
35878617,0.0
35760441,0.0
35801053,0.0
36045185,0.0
36003281,0.0
36040035,0.0
35889269,0.0
35556085,0.0
35805287,0.0
35839705,0.0
35882379,0.0
35782021,0.0
36035833,0.0
35839133,0.0
36048219,0.0
35964499,0.0
35881005,0.0
35837341,0.0
35816197,0.0
35832143,0.0
35795577,0.0
35831699,0.0
35902993,0.0
36037701,0.0
36072835,0.0
35819273,0.0
35901935,0.0
35808781,0.0
36060183,0.0
35857185,0.0
35780775,0.0
36062543,0.0
36061641,0.0
35808201,0.0
35831897,0.0
35690275,0.0
35984133,0.0
35897561,0.0
35965363,0.0
36091163,0.0
36058261,0.0
36069801,0.0
36044987,0.0
35856811,0.0
35998863,0.0
36044991,0.0
36056431,0.0
36017047,0.0
36036995,0.0
36025935,0.0
35872219,0.0
35804633,0.0
35818807,0.0
35830283,0.0
35969453,0.0
35771751,0.0
35845713,0.0
35836827,0.0
30834189,0.0
35746151,0.0
35802397,0.0
36021999,0.0
35901247,0.0
35819849,0.0
35678269,0.0
35808975,0.0
35857207,0.0
36036489,0.0
35848343,0.0
33426809,0.0
35878809,0.0
35881615,0.0
35814809,0.0
36033477,0.0
35793503,0.0
35955195,0.0
35965517,0.0
36055833,0.0
36026837,0.0
35830035,0.0
35744963,0.0
36049765,0.0
35886501,0.0
36052499,0.0
36071275,0.0
36060959,0.0
35821837,0.0
36093997,0.0
36063363,0.0
35874465,0.0
36029255,0.0
36017337,0.0
35972749,0.0
35813979,0.0
35753027,0.0
35856079,0.0
35878591,0.0
36048075,0.0
36050773,0.0
35779411,0.0
36009039,0.0
35865375,0.0
35832073,0.0
36058627,0.0
36021323,0.0
35872021,0.0
36017583,0.0
35782449,0.0
35818035,0.0
35904809,0.0
35899861,0.0
35734647,0.0
35785735,0.0
35969471,0.0
35904227,0.0
36000279,0.0
35775703,0.0
35840399,0.0
35768389,0.0
35842621,0.0
35745573,0.0
36050389,0.0
35785533,0.0
35981519,0.0
35881115,0.0
15406925,0.0
36035635,0.0
36001923,0.0
36047577,0.0
36000357,0.0
35904623,0.0
36057935,0.0
36052469,0.0
35897525,0.0
36063589,0.0
36061359,0.0
35906467,0.0
35768261,0.0
35765639,0.0
35789319,0.0
35886787,0.0
35871919,0.0
36017463,0.0
35854865,0.0
35755381,0.0
36027257,0.0
35999203,0.0
35831179,0.0
35899895,0.0
35875127,0.0
35811099,0.0
35758115,0.0
36028911,0.0
35806641,0.0
35765617,0.0
35826453,0.0
35739759,0.0
35812085,0.0
36062489,0.0
35834301,0.0
36046319,0.0
36047149,0.0
36002437,0.0
35879789,0.0
35811783,0.0
35879807,0.0
35850637,0.0
35870341,0.0
36048127,0.0
35732281,0.0
35846353,0.0
35765825,0.0
36053839,0.0
36045821,0.0
35768563,0.0
35861491,0.0
21795437,0.0
35919841,0.0
36015517,0.0
35970861,0.0
35807713,0.0
36051479,0.0
36020971,0.0
36048901,0.0
36028991,0.0
36075699,0.0
35778039,0.0
35964005,0.0
35885867,0.0
35800391,0.0
35884551,0.0
35741835,0.0
35814763,0.0
36023469,0.0
35782217,0.0
35847917,0.0
35997985,0.0
35965009,0.0
35781625,0.0
35919733,0.0
36026023,0.0
36025369,0.0
35753163,0.0
35775973,0.0
36003019,0.0
35819939,0.0
36052471,0.0
35551519,0.0
35886891,0.0
36091155,0.0
35840499,0.0
36094035,0.0
36016925,0.0
35791291,0.0
35862509,0.0
35808873,0.0
35820007,0.0
35878749,0.0
35996499,0.0
10888487,0.0
36035053,0.0
36086849,0.0
35806807,0.0
36009911,0.0
36035409,0.0
35741843,0.0
35840483,0.0
35812837,0.0
36023701,0.0
35896889,0.0
22651161,0.0
35802497,0.0
35813613,0.0
35835679,0.0
35890045,0.0
35842881,0.0
35871663,0.0
36029697,0.0
35775203,0.0
35807917,0.0
36046767,0.0
35842243,0.0
35841973,0.0
35943381,0.0
35871457,0.0
35779419,0.0
36063711,0.0
35782815,0.0
35777085,0.0
35796583,0.0
35854041,0.0
35794967,0.0
35886657,0.0
35842141,0.0
36003223,0.0
36047707,0.0
35898133,0.0
36032659,0.0
35819537,0.0
35808575,0.0
36004329,0.0
36004359,0.0
36049091,0.0
35775763,0.0
35744869,0.0
35842967,0.0
35859433,0.0
36040611,0.0
35798407,0.0
35888177,0.0
35852717,0.0
35794707,0.0
35833963,0.0
36020065,0.0
36093423,0.0
36024917,0.0
35902165,0.0
35997227,0.0
35868853,0.0
35836887,0.0
35765929,0.0
35834489,0.0
35794913,0.0
35864523,0.0
35815357,0.0
35929887,0.0
35840269,0.0
36040581,0.0
35856699,0.0
35833905,0.0
28376215,0.0
35875047,0.0
35962147,0.0
35867365,0.0
35753271,0.0
35754455,0.0
35851333,0.0
35850991,0.0
35886555,0.0
36048803,0.0
35769413,0.0
35739339,0.0
35901755,0.0
36052211,0.0
35801361,0.0
36014789,0.0
36018009,0.0
35851747,0.0
35816293,0.0
36026243,0.0
35820219,0.0
35831253,0.0
36039077,0.0
35860147,0.0
36036989,0.0
35888201,0.0
36040425,0.0
35757183,0.0
32108255,0.0
35890105,0.0
35782059,0.0
35752897,0.0
35768273,0.0
36003405,0.0
36027901,0.0
35979409,0.0
35844647,0.0
35812721,0.0
35746387,0.0
35851157,0.0
36035469,0.0
35883333,0.0
36017113,0.0
36075553,0.0
35888575,0.0
35781933,0.0
35855569,0.0
35868435,0.0
35832593,0.0
36047837,0.0
35794763,0.0
35969309,0.0
32651243,0.0
35867101,0.0
35845769,0.0
36048357,0.0
35871913,0.0
35861997,0.0
35989349,0.0
35784627,0.0
36037083,0.0
36045259,0.0
36026861,0.0
36034587,0.0
35741019,0.0
35792911,0.0
35753905,0.0
35775577,0.0
36017231,0.0
35840421,0.0
35763625,0.0
35442229,0.0
35857171,0.0
35870017,0.0
36050569,0.0
35905799,0.0
36091295,0.0
35815711,0.0
35798707,0.0
35898721,0.0
35782451,0.0
35962533,0.0
35855427,0.0
36027371,0.0
33714369,0.0
35867953,0.0
36050547,0.0
35912613,0.0
36053819,0.0
35811119,0.0
35875203,0.0
32648599,0.0
36052519,0.0
35767991,0.0
36063753,0.0
36025845,0.0
35807453,0.0
35870041,0.0
36089119,0.0
12090080,0.0
35886533,0.0
36029487,0.0
35849423,0.0
35821599,0.0
36038643,0.0
35756833,0.0
36053249,0.0
35997091,0.0
36026599,0.0
35871857,0.0
36018241,0.0
35843057,0.0
36025789,0.0
35872159,0.0
35903843,0.0
35999061,0.0
36025289,0.0
36010903,0.0
31593035,0.0
35867297,0.0
35869367,0.0
35752991,0.0
35763209,0.0
36045923,0.0
36044687,0.0
35872791,0.0
35991855,0.0
35856459,0.0
35989345,0.0
35815187,0.0
35855953,0.0
35760917,0.0
35821781,0.0
35790593,0.0
35813937,0.0
35949635,0.0
35840577,0.0
35782239,0.0
35776353,0.0
36046679,0.0
36037263,0.0
35875423,0.0
36029379,0.0
36002991,0.0
35838237,0.0
35761659,0.0
35943539,0.0
35782789,0.0
35966945,0.0
35850651,0.0
35943705,0.0
35795069,0.0
35811275,0.0
35848655,0.0
35969427,0.0
35886861,0.0
36057523,0.0
36037783,0.0
35846459,0.0
36063379,0.0
35975769,0.0
35779527,0.0
35782047,0.0
35870229,0.0
35831969,0.0
35768337,0.0
35807921,0.0
35840457,0.0
36059593,0.0
36086371,0.0
36025783,0.0
36080191,0.0
35831565,0.0
35840417,0.0
36033295,0.0
35760567,0.0
35782533,0.0
35957185,0.0
36013003,0.0
36024909,0.0
35901121,0.0
35908313,0.0
35857971,0.0
36037845,0.0
31810639,0.0
35975625,0.0
35962593,0.0
35996927,0.0
22179955,0.0
35863523,0.0
35781141,0.0
36027395,0.0
35965357,0.0
35868303,0.0
35885647,0.0
35815641,0.0
27556061,0.0
35796407,0.0
35795877,0.0
35755785,0.0
35854455,0.0
35851341,0.0
36035511,0.0
36059321,0.0
35782979,0.0
36019981,0.0
35949695,0.0
35867423,0.0
35831295,0.0
36002759,0.0
36068775,0.0
35865357,0.0
35987571,0.0
35871577,0.0
34952667,0.0
35999745,0.0
35772237,0.0
35745561,0.0
35821609,0.0
35823845,0.0
35864141,0.0
36007345,0.0
35876189,0.0
35738477,0.0
35870667,0.0
35871687,0.0
35899869,0.0
35820795,0.0
35845487,0.0
36037761,0.0
35901995,0.0
36023807,0.0
35854997,0.0
35800525,0.0
35777123,0.0
35875949,0.0
35821213,0.0
35797297,0.0
36061015,0.0
36022285,0.0
35999035,0.0
35840629,0.0
35889119,0.0
35763439,0.0
36015591,0.0
35757181,0.0
35775671,0.0
35996057,0.0
36028345,0.0
36055729,0.0
35874953,0.0
35846185,0.0
36057629,0.0
35880827,0.0
36036035,0.0
35849417,0.0
35924275,0.0
35996959,0.0
35765555,0.0
35781671,0.0
35886141,0.0
35786763,0.0
36001253,0.0
36047269,0.0
35870261,0.0
36048793,0.0
35846043,0.0
36041139,0.0
35875511,0.0
35820721,0.0
35917931,0.0
35871863,0.0
13236641,0.0
35882477,0.0
36001855,0.0
35824461,0.0
35864623,0.0
35996621,0.0
36061357,0.0
36061519,0.0
36025945,0.0
35814443,0.0
36063125,0.0
36063283,0.0
36015501,0.0
36034021,0.0
35779337,0.0
35881571,0.0
35991523,0.0
35760963,0.0
32611371,0.0
36030151,0.0
35842113,0.0
36047587,0.0
35761397,0.0
35876229,0.0
36026135,0.0
36095699,0.0
35903599,0.0
36051395,0.0
36008993,0.0
36048353,0.0
36018123,0.0
35961443,0.0
32090131,0.0
35815901,0.0
35778135,0.0
31293445,0.0
35862071,0.0
36040385,0.0
35865365,0.0
35871581,0.0
35886453,0.0
36057153,0.0
35852781,0.0
35845693,0.0
35870763,0.0
35897137,0.0
35885639,0.0
35750843,0.0
35812167,0.0
35871321,0.0
35816115,0.0
35855297,0.0
35635041,0.0
35775245,0.0
36097291,0.0
35886689,0.0
35777037,0.0
35757397,0.0
36053385,0.0
35986011,0.0
36009187,0.0
35840227,0.0
35752731,0.0
35768197,0.0
35812911,0.0
36000141,0.0
35851205,0.0
36013081,0.0
35831723,0.0
35807821,0.0
35775459,0.0
35902809,0.0
36047111,0.0
35865287,0.0
35881189,0.0
32298135,0.0
36010579,0.0
36029791,0.0
36028675,0.0
35781673,0.0
35905937,0.0
36028945,0.0
35939729,0.0
35840639,0.0
35768265,0.0
35818223,0.0
35850853,0.0
36027181,0.0
35862555,0.0
35768167,0.0
35762483,0.0
35965405,0.0
35965027,0.0
35765521,0.0
35999389,0.0
36040877,0.0
28819255,0.0
36044775,0.0
35776111,0.0
35852917,0.0
36047659,0.0
35795171,0.0
35738519,0.0
35851141,0.0
35765799,0.0
35962271,0.0
35875149,0.0
35962291,0.0
36011175,0.0
36049961,0.0
35744771,0.0
35856575,0.0
36017271,0.0
35902233,0.0
35947439,0.0
35949821,0.0
36028903,0.0
35829487,0.0
35835431,0.0
35795333,0.0
35972883,0.0
35800421,0.0
35995731,0.0
35808515,0.0
35964185,0.0
35961073,0.0
35750685,0.0
35862521,0.0
36033301,0.0
35829327,0.0
35857645,0.0
35808611,0.0
35868241,0.0
36057409,0.0
35766081,0.0
36010679,0.0
36062423,0.0
35092933,0.0
35911453,0.0
36050371,0.0
36005905,0.0
35831673,0.0
35919617,0.0
35862515,0.0
36050233,0.0
35837533,0.0
35808699,0.0
35795383,0.0
35864213,0.0
35999711,0.0
35802417,0.0
35977289,0.0
35878039,0.0
36062605,0.0
36040849,0.0
35840537,0.0
35874749,0.0
36050077,0.0
35760465,0.0
36047285,0.0
36052101,0.0
36062547,0.0
35828991,0.0
35761575,0.0
36049829,0.0
32949473,0.0
36025521,0.0
35836097,0.0
35829987,0.0
35776379,0.0
35808565,0.0
36035379,0.0
35851121,0.0
35880737,0.0
36039801,0.0
35876439,0.0
35831619,0.0
35798737,0.0
36045811,0.0
36037329,0.0
35965837,0.0
35802069,0.0
35794935,0.0
35964559,0.0
36010715,0.0
35754327,0.0
35856671,0.0
36013117,0.0
35897559,0.0
36033309,0.0
36020951,0.0
35823997,0.0
35781827,0.0
36047965,0.0
35919795,0.0
35858897,0.0
36019941,0.0
35991681,0.0
35880163,0.0
35777949,0.0
36048831,0.0
35746113,0.0
36055597,0.0
36051845,0.0
35864835,0.0
36047543,0.0
36012725,0.0
36040901,0.0
35787055,0.0
35901809,0.0
35774715,0.0
35757151,0.0
36049859,0.0
35798527,0.0
35861257,0.0
35844947,0.0
36045747,0.0
35862115,0.0
36047467,0.0
35857183,0.0
36051209,0.0
35861655,0.0
35783481,0.0
35845981,0.0
35795307,0.0
35999173,0.0
35855259,0.0
35835825,0.0
35737997,0.0
35972819,0.0
36034417,0.0
35759337,0.0
36038213,0.0
35856403,0.0
35821523,0.0
36059519,0.0
35962017,0.0
35814671,0.0
35739973,0.0
35829937,0.0
35802991,0.0
29615375,0.0
35798803,0.0
35804451,0.0
35760613,0.0
36051901,0.0
35832213,0.0
35864839,0.0
35817825,0.0
35847621,0.0
36031387,0.0
35776155,0.0
35782995,0.0
35577777,0.0
35822855,0.0
35834503,0.0
35842739,0.0
35792497,0.0
36051851,0.0
35803081,0.0
36006229,0.0
35739713,0.0
35878595,0.0
26231825,0.0
35793077,0.0
36052375,0.0
35802817,0.0
35874823,0.0
35906315,0.0
35963865,0.0
35859763,0.0
35998057,0.0
36035383,0.0
35815037,0.0
36025763,0.0
35888985,0.0
35965371,0.0
35775237,0.0
36033291,0.0
35899081,0.0
35760725,0.0
35886409,0.0
35814861,0.0
35812651,0.0
30692771,0.0
35764541,0.0
35836115,0.0
35758471,0.0
36057403,0.0
35845055,0.0
36048255,0.0
35971231,0.0
36033013,0.0
35784171,0.0
35775991,0.0
36031475,0.0
35823931,0.0
35902287,0.0
35821485,0.0
36016691,0.0
36017147,0.0
36062895,0.0
35856121,0.0
36033243,0.0
35833879,0.0
36034923,0.0
36051993,0.0
35787249,0.0
36063121,0.0
35852295,0.0
35779415,0.0
35769947,0.0
35778503,0.0
35867975,0.0
36045041,0.0
36003793,0.0
35880745,0.0
35956941,0.0
35771727,0.0
35830729,0.0
35964945,0.0
35786817,0.0
35775447,0.0
36035397,0.0
35864337,0.0
35842609,0.0
35783041,0.0
36019323,0.0
35831909,0.0
35999887,0.0
35838235,0.0
35862231,0.0
36044879,0.0
35749651,0.0
35939995,0.0
36075887,0.0
35528859,0.0
36025827,0.0
35822801,0.0
35824011,0.0
36091171,0.0
35836427,0.0
36027347,0.0
35765673,0.0
36026847,0.0
35840319,0.0
35745303,0.0
35801261,0.0
35837417,0.0
35777597,0.0
35761817,0.0
35011655,0.0
35853777,0.0
35788641,0.0
36072177,0.0
35795395,0.0
36029631,0.0
35762327,0.0
36000199,0.0
36062025,0.0
35856431,0.0
36052285,0.0
35964639,0.0
35883409,0.0
36010281,0.0
23274709,0.0
35834305,0.0
35781325,0.0
35821707,0.0
35830509,0.0
35971729,0.0
35876137,0.0
35808395,0.0
36057685,0.0
35836465,0.0
36028861,0.0
35837527,0.0
35847755,0.0
36058387,0.0
36058005,0.0
35797199,0.0
36016027,0.0
35999883,0.0
36027865,0.0
35770299,0.0
35761537,0.0
35909601,0.0
35831245,0.0
35815931,0.0
35868383,0.0
35903709,0.0
35991955,0.0
35842833,0.0
35778101,0.0
35820195,0.0
35815703,0.0
35879489,0.0
36049891,0.0
35906425,0.0
36000931,0.0
35786773,0.0
36041659,0.0
36048397,0.0
35816109,0.0
36000039,0.0
35782343,0.0
35995887,0.0
36017081,0.0
35740877,0.0
35897225,0.0
36051777,0.0
36047541,0.0
35796729,0.0
36000345,0.0
35787801,0.0
35815287,0.0
31247239,0.0
35995309,0.0
35964789,0.0
35840407,0.0
35867121,0.0
35999671,0.0
36057873,0.0
34470727,0.0
35995525,0.0
36031597,0.0
35779409,0.0
32262551,0.0
35787749,0.0
35862043,0.0
36009137,0.0
35795407,0.0
35774041,0.0
35876033,0.0
35869387,0.0
35795907,0.0
36061383,0.0
35814551,0.0
35807767,0.0
35846523,0.0
36037873,0.0
35871839,0.0
35874713,0.0
35870323,0.0
35833075,0.0
36017999,0.0
35829631,0.0
35975927,0.0
35761631,0.0
35816361,0.0
36007361,0.0
35758259,0.0
35768335,0.0
35819211,0.0
35890525,0.0
36038083,0.0
35782821,0.0
36026551,0.0
35995939,0.0
35808775,0.0
35852557,0.0
35979755,0.0
23257457,0.0
36043867,0.0
35881119,0.0
35887009,0.0
36051875,0.0
35768119,0.0
36058249,0.0
35811063,0.0
35921143,0.0
35800669,0.0
36029825,0.0
35836925,0.0
35793713,0.0
35836031,0.0
30760833,0.0
35837177,0.0
36033125,0.0
36038249,0.0
36097159,0.0
36026471,0.0
36042209,0.0
36048723,0.0
35956985,0.0
35785869,0.0
35971791,0.0
35801511,0.0
35881939,0.0
35793373,0.0
36029479,0.0
29545793,0.0
36049157,0.0
36021401,0.0
35757581,0.0
36052055,0.0
35769401,0.0
35802279,0.0
35800299,0.0
36081705,0.0
36018499,0.0
35864281,0.0
36035665,0.0
35789309,0.0
35753783,0.0
35835955,0.0
35881645,0.0
35740207,0.0
35897015,0.0
36052075,0.0
36063003,0.0
35778447,0.0
35766121,0.0
36089071,0.0
35840147,0.0
35771877,0.0
35795499,0.0
35782379,0.0
35831541,0.0
35744727,0.0
35881421,0.0
35760675,0.0
36037183,0.0
35772411,0.0
35903905,0.0
35801981,0.0
35775685,0.0
35842823,0.0
35886357,0.0
35861691,0.0
35795471,0.0
36051651,0.0
35757499,0.0
35815537,0.0
36086875,0.0
36026353,0.0
35856857,0.0
35775381,0.0
36016711,0.0
35781117,0.0
36087285,0.0
35849345,0.0
35739761,0.0
15539001,0.0
35783117,0.0
36023355,0.0
36035513,0.0
35900877,0.0
35836503,0.0
36041845,0.0
36067979,0.0
36061331,0.0
35845405,0.0
36080879,0.0
36024845,0.0
35664091,0.0
35771735,0.0
36017817,0.0
35880267,0.0
36026749,0.0
35874059,0.0
36053229,0.0
36066545,0.0
36048027,0.0
35811799,0.0
36043229,0.0
35876073,0.0
35827493,0.0
35800129,0.0
36012875,0.0
33803051,0.0
35991885,0.0
36027629,0.0
35739943,0.0
35904901,0.0
36046657,0.0
35985529,0.0
36048037,0.0
35901625,0.0
35907283,0.0
35829757,0.0
35762197,0.0
35908207,0.0
35964575,0.0
36034863,0.0
35970427,0.0
35760429,0.0
36049087,0.0
35789801,0.0
35819515,0.0
35877287,0.0
35784491,0.0
35879479,0.0
35806235,0.0
35793579,0.0
35846543,0.0
35796393,0.0
35876035,0.0
35929813,0.0
35847571,0.0
35623513,0.0
36041705,0.0
36025645,0.0
35822817,0.0
36026259,0.0
35884645,0.0
35889043,0.0
35798655,0.0
35875815,0.0
35779463,0.0
35840181,0.0
36012795,0.0
35999965,0.0
36049607,0.0
35834661,0.0
36025405,0.0
35860859,0.0
35999905,0.0
35964067,0.0
35861895,0.0
35836429,0.0
35859435,0.0
35965121,0.0
35846611,0.0
35835551,0.0
35774279,0.0
35749681,0.0
35812173,0.0
19187645,0.0
35828435,0.0
36034479,0.0
35842441,0.0
35849127,0.0
35798705,0.0
35906843,0.0
36053511,0.0
35778175,0.0
36026139,0.0
36055315,0.0
36036341,0.0
35957081,0.0
35808273,0.0
35967529,0.0
35897281,0.0
36012767,0.0
36048039,0.0
35801089,0.0
35823879,0.0
35901385,0.0
36009731,0.0
35779835,0.0
35872089,0.0
35565159,0.0
36027915,0.0
35824223,0.0
36038375,0.0
36046899,0.0
36038515,0.0
35700003,0.0
36033247,0.0
35868025,0.0
35906567,0.0
35877475,0.0
36038065,0.0
35780949,0.0
35861769,0.0
35997933,0.0
35831569,0.0
35808429,0.0
35768247,0.0
35855195,0.0
35804485,0.0
36045633,0.0
35875429,0.0
35850275,0.0
36011743,0.0
35903367,0.0
35744839,0.0
35837223,0.0
36062107,0.0
35734081,0.0
36038221,0.0
35769453,0.0
36003053,0.0
35996473,0.0
35886057,0.0
35885551,0.0
35879525,0.0
36006177,0.0
35774689,0.0
35808015,0.0
35754449,0.0
35971131,0.0
35800017,0.0
35852675,0.0
35881609,0.0
35854271,0.0
35847691,0.0
35798499,0.0
23468871,0.0
35852505,0.0
35979843,0.0
36078533,0.0
35801333,0.0
35883097,0.0
36041083,0.0
35792145,0.0
33856431,0.0
35765851,0.0
35856007,0.0
35829459,0.0
35964007,0.0
35871245,0.0
36032949,0.0
36097355,0.0
36015525,0.0
35815535,0.0
31170009,0.0
36057493,0.0
35920151,0.0
36000013,0.0
35822867,0.0
35858733,0.0
36021379,0.0
35756851,0.0
35931071,0.0
28308617,0.0
35829599,0.0
36085995,0.0
35812803,0.0
35793817,0.0
35733933,0.0
35753059,0.0
36025183,0.0
35878683,0.0
35831497,0.0
35903081,0.0
36058171,0.0
36028709,0.0
35811313,0.0
35861943,0.0
35823857,0.0
35812839,0.0
35897415,0.0
35807627,0.0
35749055,0.0
35884533,0.0
35763387,0.0
35822023,0.0
35914289,0.0
35816101,0.0
35999039,0.0
36002701,0.0
35838447,0.0
36041403,0.0
36009829,0.0
35964873,0.0
35852589,0.0
35953993,0.0
35842841,0.0
36006119,0.0
35848365,0.0
35874521,0.0
36048683,0.0
35846373,0.0
36076511,0.0
36051379,0.0
35875543,0.0
35903697,0.0
35821617,0.0
36073615,0.0
35886519,0.0
35831923,0.0
35862523,0.0
35938345,0.0
36010117,0.0
36027073,0.0
35738001,0.0
35871871,0.0
35876285,0.0
36029699,0.0
35841101,0.0
36086139,0.0
35761735,0.0
30320293,0.0
35806745,0.0
35920105,0.0
35874989,0.0
35886645,0.0
36057347,0.0
36014453,0.0
35776243,0.0
36057661,0.0
35816167,0.0
35939865,0.0
33066259,0.0
35801293,0.0
35971229,0.0
36047777,0.0
35890149,0.0
35810523,0.0
35900725,0.0
35827469,0.0
36055945,0.0
35868521,0.0
35964271,0.0
35852679,0.0
35963845,0.0
35781749,0.0
36071595,0.0
35822399,0.0
35829813,0.0
35889503,0.0
36017365,0.0
35800033,0.0
35897043,0.0
36088119,0.0
32385767,0.0
35886997,0.0
35885993,0.0
35800727,0.0
36033467,0.0
36048859,0.0
35845905,0.0
35813823,0.0
36062623,0.0
36027363,0.0
35852577,0.0
35776191,0.0
35839831,0.0
35964333,0.0
35842355,0.0
35836453,0.0
36045395,0.0
35777893,0.0
35829323,0.0
35812317,0.0
35961813,0.0
36036073,0.0
35798791,0.0
35787873,0.0
36013299,0.0
36046623,0.0
35965337,0.0
35869565,0.0
36029025,0.0
36025371,0.0
36070711,0.0
35871765,0.0
35782791,0.0
35800595,0.0
35793265,0.0
36048365,0.0
35845419,0.0
35750419,0.0
36026097,0.0
36016697,0.0
35962611,0.0
36047525,0.0
35778023,0.0
35829663,0.0
35811433,0.0
36051327,0.0
35919649,0.0
35868009,0.0
35788367,0.0
36047067,0.0
35815583,0.0
35883855,0.0
36047083,0.0
35814523,0.0
36068777,0.0
36030947,0.0
35810921,0.0
36037593,0.0
36053175,0.0
36024849,0.0
36062785,0.0
35765991,0.0
36031373,0.0
31404461,0.0
35753101,0.0
35798301,0.0
36051933,0.0
36047179,0.0
35822407,0.0
35871763,0.0
35776687,0.0
35781751,0.0
35808327,0.0
36063345,0.0
36016421,0.0
29159041,0.0
36089997,0.0
35824261,0.0
36048337,0.0
35868267,0.0
35846137,0.0
35765997,0.0
35804773,0.0
35840131,0.0
35785353,0.0
33904937,0.0
35824331,0.0
35768461,0.0
36025697,0.0
35897417,0.0
35834561,0.0
35800445,0.0
35795163,0.0
35822965,0.0
36051819,0.0
36034503,0.0
35896747,0.0
36066137,0.0
25640305,0.0
36048523,0.0
35807631,0.0
35804599,0.0
36003401,0.0
36040773,0.0
35831907,0.0
35877477,0.0
35880165,0.0
35753129,0.0
35852403,0.0
35801967,0.0
35967525,0.0
35927403,0.0
36022243,0.0
36067249,0.0
36049989,0.0
35889115,0.0
36029417,0.0
35761799,0.0
35847773,0.0
36061295,0.0
36041517,0.0
36041279,0.0
36002891,0.0
35808187,0.0
36086719,0.0
35772603,0.0
35998181,0.0
35772415,0.0
35765843,0.0
35878471,0.0
35829561,0.0
36050037,0.0
36048581,0.0
35758983,0.0
35822483,0.0
35881547,0.0
31547999,0.0
35771745,0.0
35977333,0.0
35919623,0.0
35846017,0.0
35793543,0.0
35745551,0.0
35824427,0.0
35771965,0.0
35739319,0.0
36027841,0.0
36067897,0.0
35769927,0.0
35964701,0.0
35874987,0.0
35775725,0.0
35889757,0.0
35848643,0.0
35875921,0.0
36021431,0.0
35830539,0.0
35887015,0.0
35758011,0.0
35876293,0.0
35821537,0.0
36048045,0.0
36048061,0.0
36056435,0.0
35778307,0.0
34586323,0.0
35794883,0.0
36032941,0.0
35982117,0.0
35944953,0.0
35965563,0.0
36027669,0.0
36038443,0.0
36002315,0.0
36027539,0.0
36020911,0.0
35808789,0.0
35812993,0.0
36010839,0.0
36045477,0.0
35845689,0.0
36010341,0.0
35831817,0.0
35761747,0.0
35831843,0.0
35851665,0.0
35816203,0.0
36009051,0.0
35765875,0.0
36053323,0.0
35996987,0.0
33609451,0.0
36031635,0.0
35911385,0.0
35740017,0.0
35802317,0.0
35825629,0.0
35839881,0.0
36042059,0.0
36009401,0.0
36000225,0.0
35751703,0.0
35839899,0.0
36040969,0.0
35859065,0.0
35964479,0.0
36037509,0.0
36009331,0.0
36055667,0.0
36060459,0.0
36045841,0.0
35763651,0.0
36086935,0.0
35864663,0.0
35842673,0.0
35832995,0.0
35818039,0.0
36027745,0.0
36041993,0.0
35971195,0.0
35766749,0.0
35856967,0.0
36013797,0.0
35806481,0.0
35963961,0.0
35785663,0.0
35768519,0.0
35865799,0.0
35999181,0.0
35789331,0.0
34349233,0.0
36061119,0.0
35880783,0.0
35886883,0.0
36038481,0.0
27511691,0.0
35939837,0.0
35888907,0.0
35750251,0.0
35808475,0.0
35836505,0.0
35768489,0.0
35883429,0.0
36051169,0.0
36016567,0.0
36076507,0.0
32927987,0.0
35899875,0.0
35885653,0.0
36026583,0.0
36027717,0.0
35843711,0.0
35939797,0.0
36025637,0.0
35871659,0.0
35800307,0.0
35781709,0.0
35980325,0.0
36014097,0.0
35902871,0.0
35821279,0.0
35757021,0.0
35577767,0.0
35811353,0.0
36089811,0.0
35864311,0.0
35850297,0.0
35965335,0.0
35839723,0.0
35745001,0.0
35522163,0.0
35800973,0.0
35844895,0.0
35868543,0.0
35785305,0.0
36006455,0.0
35848639,0.0
35731815,0.0
36000087,0.0
35746663,0.0
36090127,0.0
36026117,0.0
35989189,0.0
35902189,0.0
35754879,0.0
36002197,0.0
35846015,0.0
35957071,0.0
35861667,0.0
35877461,0.0
36026907,0.0
35889779,0.0
35909539,0.0
36051493,0.0
35819463,0.0
36061367,0.0
35919729,0.0
36003473,0.0
35798167,0.0
35837239,0.0
35853677,0.0
35776575,0.0
35761615,0.0
36047469,0.0
35798383,0.0
35846173,0.0
35953715,0.0
35831379,0.0
35814569,0.0
35919633,0.0
36047239,0.0
35077277,0.0
35837369,0.0
33617735,0.0
35838413,0.0
36057163,0.0
36009857,0.0
36027759,0.0
35759761,0.0
35886291,0.0
35327603,0.0
35842757,0.0
35840215,0.0
35962483,0.0
35986095,0.0
35995365,0.0
35838537,0.0
35846439,0.0
35780171,0.0
35823767,0.0
35849119,0.0
36057993,0.0
35806755,0.0
35814941,0.0
35889049,0.0
35856057,0.0
36040835,0.0
33208595,0.0
35824373,0.0
35831251,0.0
35793129,0.0
35831813,0.0
35852245,0.0
36051115,0.0
35374751,0.0
35852103,0.0
35762977,0.0
35872821,0.0
35835499,0.0
35766557,0.0
35804361,0.0
36067925,0.0
35758147,0.0
35792885,0.0
35876079,0.0
35828603,0.0
35856607,0.0
35834337,0.0
35886991,0.0
35797581,0.0
36055335,0.0
35781799,0.0
36046243,0.0
35786475,0.0
35862359,0.0
35748983,0.0
36067581,0.0
36057395,0.0
35807817,0.0
35883819,0.0
35807563,0.0
35840289,0.0
36010875,0.0
36040419,0.0
35824499,0.0
31493701,0.0
35838313,0.0
35767759,0.0
36049689,0.0
35861415,0.0
35879273,0.0
31572313,0.0
35815751,0.0
35964267,0.0
35746489,0.0
35866917,0.0
35897165,0.0
35868277,0.0
35869413,0.0
35835987,0.0
35776979,0.0
36004573,0.0
35970551,0.0
36072227,0.0
35583735,0.0
35751041,0.0
36018037,0.0
35970521,0.0
36017199,0.0
35772781,0.0
35852265,0.0
35761377,0.0
35875843,0.0
35802469,0.0
35802675,0.0
36011915,0.0
35796547,0.0
35785077,0.0
36047415,0.0
35745509,0.0
35863939,0.0
35835911,0.0
36019965,0.0
35781835,0.0
35920007,0.0
35765969,0.0
35793831,0.0
35863989,0.0
35765905,0.0
35841971,0.0
35905827,0.0
35829513,0.0
36010705,0.0
35897487,0.0
35852629,0.0
35860053,0.0
24130663,0.0
35849307,0.0
36044705,0.0
35832091,0.0
35791407,0.0
35784183,0.0
35919657,0.0
36038357,0.0
36047219,0.0
36067841,0.0
36029431,0.0
35798349,0.0
36029165,0.0
35795565,0.0
35979479,0.0
35782413,0.0
35971373,0.0
35821775,0.0
35861605,0.0
35991633,0.0
35802461,0.0
35890031,0.0
35852267,0.0
36027975,0.0
35847695,0.0
36045137,0.0
35755721,0.0
35830691,0.0
35800145,0.0
35928487,0.0
35779507,0.0
36029443,0.0
36016269,0.0
36038121,0.0
35971707,0.0
36010589,0.0
35979541,0.0
35855993,0.0
36002357,0.0
35815723,0.0
35785195,0.0
36044731,0.0
35821471,0.0
36027217,0.0
35844965,0.0
35762743,0.0
36047645,0.0
36038551,0.0
35768303,0.0
36010313,0.0
36068115,0.0
35852451,0.0
35808607,0.0
36067891,0.0
35830355,0.0
35964009,0.0
35795341,0.0
35781101,0.0
36038659,0.0
35905979,0.0
35852563,0.0
36045027,0.0
36034991,0.0
36051279,0.0
35997999,0.0
35880649,0.0
35836157,0.0
35745603,0.0
35785317,0.0
36016637,0.0
36034145,0.0
35736945,0.0
35753305,0.0
35847689,0.0
36045831,0.0
35901593,0.0
36063501,0.0
35763659,0.0
35642587,0.0
36000153,0.0
36019891,0.0
36018279,0.0
35887527,0.0
35820357,0.0
36055625,0.0
35830411,0.0
35902253,0.0
35969439,0.0
35955625,0.0
36047701,0.0
36041203,0.0
35811127,0.0
36035191,0.0
35081849,0.0
35979505,0.0
35776051,0.0
35911559,0.0
36050979,0.0
35966991,0.0
30935347,0.0
35782295,0.0
36028987,0.0
36051219,0.0
36015693,0.0
36009947,0.0
35840323,0.0
32126325,0.0
36003143,0.0
35840145,0.0
35870263,0.0
35855303,0.0
35822821,0.0
36029125,0.0
35807731,0.0
35910915,0.0
35849805,0.0
35793463,0.0
34905317,0.0
36017249,0.0
35971757,0.0
31632031,0.0
36041769,0.0
35965195,0.0
35949927,0.0
36046459,0.0
36033569,0.0
35886249,0.0
36028855,0.0
35749561,0.0
35777927,0.0
35831965,0.0
35883561,0.0
35856947,0.0
35830301,0.0
35864345,0.0
35872003,0.0
35800601,0.0
35858705,0.0
29545719,0.0
35861851,0.0
35839995,0.0
36012889,0.0
36035651,0.0
35868629,0.0
36037227,0.0
35849117,0.0
35743501,0.0
35850645,0.0
36006453,0.0
35886937,0.0
35883331,0.0
35866939,0.0
35824151,0.0
35807903,0.0
36051839,0.0
35903439,0.0
36010035,0.0
35807461,0.0
36050947,0.0
35867483,0.0
35885117,0.0
35726753,0.0
35763573,0.0
35871391,0.0
35881745,0.0
36063615,0.0
36049005,0.0
35884529,0.0
35846189,0.0
35919999,0.0
35856597,0.0
35824407,0.0
35774927,0.0
35768889,0.0
35848951,0.0
35876185,0.0
36047591,0.0
35792473,0.0
35876053,0.0
36000241,0.0
35911165,0.0
35763649,0.0
35846529,0.0
35889851,0.0
35864643,0.0
36078273,0.0
36017121,0.0
36027157,0.0
35839709,0.0
36046705,0.0
36044679,0.0
36052481,0.0
35830721,0.0
35768543,0.0
35781127,0.0
36051353,0.0
35823785,0.0
36035863,0.0
35674105,0.0
35943515,0.0
36011741,0.0
36021019,0.0
35862963,0.0
35923241,0.0
35957101,0.0
36015381,0.0
35816093,0.0
35933723,0.0
35867257,0.0
35831893,0.0
35863855,0.0
35835305,0.0
35821741,0.0
35883507,0.0
36013039,0.0
35811375,0.0
35827511,0.0
36050581,0.0
35762417,0.0
35741689,0.0
36011137,0.0
36080069,0.0
35875693,0.0
35834171,0.0
35900007,0.0
35819709,0.0
35763185,0.0
35820319,0.0
35796453,0.0
35839755,0.0
36015021,0.0
35880361,0.0
35878787,0.0
35791053,0.0
35884549,0.0
35856011,0.0
35846383,0.0
35795605,0.0
35816035,0.0
36045927,0.0
35949241,0.0
35824597,0.0
35832597,0.0
36051655,0.0
36034947,0.0
35885449,0.0
35996673,0.0
35889233,0.0
35796679,0.0
36030221,0.0
35745359,0.0
36058905,0.0
35766925,0.0
36013275,0.0
35824281,0.0
35842575,0.0
36050423,0.0
36035617,0.0
35848601,0.0
35964369,0.0
35985807,0.0
36046141,0.0
35878893,0.0
35830479,0.0
36048263,0.0
35890483,0.0
35798807,0.0
35911125,0.0
36025975,0.0
35831553,0.0
35852821,0.0
35897841,0.0
35750007,0.0
35852531,0.0
35812095,0.0
35758067,0.0
32082839,0.0
35856879,0.0
36057859,0.0
35972887,0.0
35808571,0.0
30698789,0.0
35997145,0.0
35906175,0.0
34908963,0.0
35852809,0.0
35802305,0.0
35835359,0.0
35800441,0.0
35979493,0.0
35811377,0.0
36037385,0.0
36000089,0.0
35910891,0.0
35971639,0.0
36017839,0.0
35787285,0.0
36000235,0.0
36000471,0.0
36057941,0.0
35901835,0.0
35870831,0.0
36010761,0.0
35768535,0.0
35888501,0.0
35868625,0.0
36048875,0.0
35814859,0.0
36057819,0.0
36096305,0.0
31097591,0.0
35753067,0.0
35816025,0.0
35814203,0.0
35778493,0.0
36000405,0.0
36026239,0.0
35929811,0.0
35910931,0.0
35842567,0.0
35964127,0.0
35949209,0.0
35757071,0.0
35824051,0.0
35882577,0.0
36040443,0.0
36046233,0.0
36033791,0.0
35745597,0.0
36026621,0.0
35919673,0.0
35779531,0.0
36058051,0.0
35794971,0.0
36040855,0.0
36038075,0.0
35889535,0.0
35807309,0.0
35860095,0.0
35824539,0.0
35658559,0.0
35862495,0.0
36022225,0.0
36051801,0.0
30176929,0.0
36052009,0.0
35785819,0.0
36018081,0.0
35897541,0.0
35902307,0.0
35778467,0.0
35965323,0.0
35881631,0.0
35846413,0.0
36004549,0.0
35835797,0.0
36046323,0.0
35879739,0.0
36040489,0.0
35882537,0.0
35854031,0.0
35971167,0.0
35813133,0.0
36010883,0.0
35782115,0.0
35881427,0.0
35745439,0.0
35998973,0.0
36041591,0.0
35816285,0.0
35981671,0.0
35864321,0.0
36048291,0.0
35744765,0.0
35835467,0.0
35848351,0.0
34925753,0.0
35883315,0.0
35787765,0.0
35961445,0.0
35943719,0.0
35737921,0.0
35815919,0.0
36013495,0.0
35829695,0.0
35855301,0.0
36037267,0.0
35749967,0.0
36025389,0.0
36017185,0.0
35862663,0.0
35795123,0.0
35869841,0.0
35865173,0.0
35783143,0.0
36014089,0.0
36035143,0.0
35965433,0.0
35987511,0.0
35812187,0.0
36061321,0.0
36018851,0.0
35791097,0.0
35953853,0.0
36033889,0.0
36025907,0.0
35869541,0.0
35886577,0.0
36048443,0.0
36038419,0.0
35962241,0.0
35090737,0.0
36049925,0.0
35978091,0.0
35881177,0.0
35868355,0.0
35811417,0.0
35834267,0.0
36044947,0.0
35969431,0.0
35758383,0.0
35831399,0.0
36060373,0.0
36021203,0.0
35796727,0.0
35823831,0.0
36026505,0.0
36075009,0.0
35838471,0.0
35900885,0.0
36003227,0.0
35762235,0.0
36033101,0.0
35745593,0.0
36051821,0.0
35851071,0.0
35880587,0.0
35758597,0.0
35964175,0.0
35838173,0.0
35823749,0.0
36057427,0.0
35871821,0.0
36050285,0.0
35772427,0.0
36047891,0.0
35808811,0.0
35763273,0.0
36033073,0.0
35781929,0.0
35911331,0.0
35882629,0.0
36035879,0.0
36025111,0.0
35835145,0.0
35970965,0.0
36045939,0.0
35746163,0.0
36062177,0.0
35836043,0.0
35975883,0.0
35965191,0.0
35798589,0.0
35855017,0.0
36048001,0.0
35834229,0.0
32792583,0.0
35800911,0.0
34195377,0.0
35771833,0.0
35807937,0.0
35897201,0.0
35844697,0.0
35964767,0.0
35965277,0.0
35961347,0.0
35842319,0.0
35838065,0.0
32535377,0.0
35831445,0.0
35906637,0.0
36049903,0.0
35774313,0.0
35781937,0.0
36090697,0.0
35997993,0.0
35949589,0.0
36017871,0.0
35965845,0.0
36017723,0.0
36052287,0.0
35804539,0.0
35786747,0.0
29159065,0.0
35875317,0.0
35865069,0.0
36043457,0.0
36008693,0.0
35845017,0.0
35864859,0.0
35846153,0.0
35957181,0.0
35846195,0.0
35808925,0.0
35842773,0.0
35858607,0.0
35779451,0.0
35801341,0.0
36049935,0.0
35864603,0.0
36032667,0.0
35889419,0.0
36036779,0.0
35855145,0.0
35939811,0.0
35767941,0.0
35528843,0.0
35856637,0.0
36051793,0.0
35798651,0.0
35851177,0.0
35872069,0.0
36048611,0.0
35862589,0.0
36049575,0.0
36043521,0.0
35785275,0.0
35906505,0.0
35964763,0.0
35772479,0.0
36047101,0.0
35868811,0.0
36056399,0.0
35867065,0.0
35965407,0.0
35906327,0.0
15728603,0.0
35782187,0.0
35846197,0.0
36021983,0.0
33407797,0.0
35830341,0.0
35763265,0.0
35991867,0.0
35758129,0.0
35832097,0.0
35782677,0.0
35852237,0.0
35760541,0.0
35888199,0.0
36044099,0.0
36047425,0.0
36044799,0.0
35776651,0.0
36057439,0.0
35970937,0.0
36035521,0.0
36051675,0.0
35767749,0.0
36029827,0.0
35807687,0.0
35770479,0.0
35750699,0.0
35962583,0.0
36065775,0.0
35807775,0.0
36022191,0.0
35815701,0.0
35824279,0.0
35869503,0.0
36031495,0.0
35835327,0.0
35806787,0.0
36001363,0.0
35804829,0.0
35910863,0.0
36037809,0.0
35763233,0.0
35903661,0.0
36046939,0.0
35830361,0.0
35787729,0.0
35811325,0.0
35798147,0.0
36015757,0.0
35862145,0.0
36045051,0.0
35781395,0.0
35975583,0.0
35887005,0.0
35804477,0.0
35852839,0.0
35739321,0.0
35850623,0.0
36035151,0.0
35816311,0.0
35848953,0.0
35835379,0.0
35818165,0.0
35855283,0.0
35836179,0.0
35999063,0.0
36015279,0.0
36040449,0.0
36057391,0.0
35901813,0.0
36008955,0.0
35778189,0.0
36009407,0.0
35923297,0.0
35964645,0.0
35772649,0.0
36089567,0.0
35840279,0.0
35758423,0.0
36034735,0.0
36049117,0.0
35846609,0.0
35840273,0.0
35964247,0.0
35842911,0.0
35756137,0.0
36061787,0.0
36057303,0.0
35829789,0.0
35849457,0.0
35762187,0.0
35824283,0.0
35793413,0.0
35735123,0.0
35995351,0.0
36055483,0.0
35854993,0.0
35876109,0.0
35842101,0.0
35774629,0.0
35845731,0.0
35776407,0.0
36050571,0.0
35870809,0.0
35845959,0.0
36018501,0.0
35800111,0.0
36060917,0.0
35856639,0.0
35862015,0.0
35801319,0.0
35757169,0.0
35919769,0.0
33800909,0.0
36028653,0.0
35862305,0.0
36036771,0.0
36057253,0.0
35829471,0.0
35840073,0.0
35885029,0.0
35840011,0.0
35827429,0.0
35777985,0.0
35941819,0.0
35838189,0.0
35833051,0.0
36046893,0.0
35861841,0.0
35871915,0.0
36053189,0.0
35962621,0.0
35782937,0.0
35823247,0.0
36023557,0.0
35997811,0.0
35861871,0.0
35879591,0.0
36062325,0.0
29437973,0.0
35909795,0.0
36033201,0.0
36052019,0.0
36018705,0.0
36047943,0.0
35845407,0.0
35949823,0.0
35845789,0.0
35781267,0.0
35868493,0.0
35781949,0.0
35901497,0.0
35769437,0.0
36057669,0.0
36071965,0.0
35906159,0.0
36096315,0.0
36025805,0.0
35999229,0.0
35859789,0.0
36049819,0.0
35878541,0.0
35821843,0.0
35887133,0.0
35878273,0.0
35781677,0.0
32686861,0.0
36044037,0.0
35859637,0.0
35838439,0.0
35956925,0.0
35902977,0.0
35790561,0.0
35808631,0.0
36026663,0.0
36037411,0.0
36028859,0.0
36001233,0.0
35864189,0.0
36033153,0.0
35901907,0.0
35619543,0.0
35889951,0.0
36022065,0.0
36062345,0.0
36038401,0.0
35839823,0.0
35962097,0.0
35821709,0.0
35782741,0.0
35787085,0.0
36012761,0.0
35782081,0.0
33358123,0.0
35815293,0.0
36056353,0.0
35848599,0.0
35813951,0.0
36015841,0.0
35840203,0.0
36025425,0.0
35832009,0.0
35862427,0.0
35962011,0.0
35931483,0.0
36035637,0.0
35887919,0.0
35840019,0.0
36047291,0.0
36026343,0.0
35838271,0.0
36048115,0.0
35794995,0.0
35998629,0.0
35854995,0.0
36047697,0.0
35875015,0.0
35880799,0.0
35889923,0.0
35826269,0.0
35999335,0.0
35842665,0.0
36053241,0.0
35762321,0.0
35998587,0.0
36043545,0.0
35776017,0.0
35830219,0.0
36003511,0.0
35889579,0.0
35871595,0.0
35754881,0.0
35787245,0.0
35843777,0.0
36037973,0.0
35998685,0.0
35836077,0.0
21407317,0.0
35617789,0.0
35872207,0.0
35854927,0.0
35871897,0.0
36006239,0.0
36051587,0.0
35830207,0.0
35867081,0.0
36003541,0.0
35858847,0.0
36000003,0.0
35797569,0.0
35789027,0.0
35887087,0.0
35856503,0.0
35840113,0.0
36068237,0.0
36049815,0.0
35830515,0.0
35846403,0.0
35989395,0.0
35874955,0.0
35757973,0.0
35789809,0.0
35868661,0.0
35831549,0.0
35872029,0.0
35991559,0.0
35761839,0.0
35842197,0.0
35961897,0.0
35851399,0.0
35790591,0.0
35776163,0.0
35863235,0.0
35808435,0.0
35897209,0.0
36085939,0.0
35816679,0.0
35823349,0.0
35909817,0.0
36025537,0.0
35865037,0.0
35888643,0.0
35881117,0.0
35971267,0.0
36007699,0.0
35871325,0.0
35811131,0.0
35835623,0.0
31672105,0.0
35786733,0.0
35900849,0.0
36008943,0.0
35833605,0.0
36027397,0.0
35881279,0.0
35564999,0.0
35808275,0.0
36025693,0.0
35473775,0.0
36033121,0.0
36067389,0.0
36019977,0.0
35902077,0.0
36050843,0.0
35846325,0.0
36020913,0.0
35898831,0.0
35961469,0.0
35830429,0.0
30422667,0.0
35998711,0.0
36068015,0.0
36010163,0.0
36000015,0.0
36029525,0.0
35899915,0.0
32239017,0.0
36023799,0.0
36045365,0.0
35869295,0.0
35779239,0.0
35829887,0.0
35798643,0.0
35832153,0.0
35820203,0.0
35787907,0.0
35995875,0.0
35953983,0.0
33059445,0.0
35795315,0.0
35735387,0.0
35775269,0.0
35771851,0.0
35901843,0.0
35865353,0.0
35764533,0.0
36017165,0.0
35782113,0.0
36025427,0.0
35855073,0.0
35999967,0.0
35912625,0.0
35962587,0.0
35876077,0.0
35836139,0.0
35775463,0.0
35965039,0.0
36067953,0.0
35742585,0.0
35830205,0.0
35949977,0.0
35781309,0.0
36026975,0.0
35855249,0.0
36015059,0.0
35776041,0.0
35985759,0.0
35830649,0.0
36020231,0.0
35975527,0.0
35987875,0.0
36006753,0.0
35830553,0.0
35796429,0.0
36029067,0.0
35743947,0.0
35969053,0.0
35849497,0.0
36033163,0.0
35761059,0.0
35981687,0.0
35845347,0.0
35845845,0.0
35820287,0.0
36030283,0.0
36012847,0.0
35845373,0.0
35816325,0.0
36065803,0.0
35970989,0.0
36087363,0.0
35809771,0.0
35862577,0.0
16090705,0.0
35814581,0.0
36033637,0.0
36044727,0.0
35798465,0.0
35939987,0.0
36028381,0.0
35826443,0.0
35756939,0.0
29545795,0.0
35964101,0.0
36038137,0.0
36037209,0.0
36018309,0.0
36046095,0.0
36033053,0.0
35861559,0.0
36086021,0.0
35752873,0.0
35872189,0.0
35888223,0.0
36050111,0.0
35872125,0.0
35862369,0.0
36024895,0.0
35975895,0.0
35819817,0.0
35901871,0.0
35768909,0.0
35832105,0.0
35886571,0.0
35965303,0.0
35836813,0.0
36069025,0.0
36029331,0.0
35864371,0.0
35814687,0.0
35901493,0.0
35849513,0.0
36049029,0.0
35903807,0.0
35882961,0.0
36025383,0.0
35758117,0.0
35928711,0.0
35876155,0.0
36014231,0.0
35963943,0.0
35991339,0.0
35886797,0.0
35804669,0.0
36021509,0.0
36015765,0.0
35761573,0.0
35855065,0.0
35655751,0.0
35979497,0.0
36063213,0.0
35807969,0.0
35740299,0.0
35824247,0.0
35852365,0.0
36021967,0.0
35758189,0.0
35827565,0.0
36058371,0.0
35889311,0.0
36017331,0.0
35826409,0.0
35846511,0.0
36045789,0.0
35906311,0.0
35877265,0.0
35760449,0.0
35835429,0.0
35855157,0.0
35831913,0.0
36051817,0.0
36053757,0.0
36057779,0.0
35818141,0.0
21561813,0.0
35800769,0.0
35769419,0.0
36048747,0.0
36050263,0.0
35804399,0.0
35792253,0.0
35864875,0.0
35868257,0.0
35871903,0.0
35808539,0.0
35838253,0.0
36026519,0.0
35831955,0.0
35964335,0.0
36037091,0.0
36050053,0.0
35929897,0.0
36040533,0.0
35896853,0.0
36096103,0.0
35816057,0.0
35933483,0.0
35999839,0.0
35997975,0.0
35752901,0.0
35854045,0.0
35851461,0.0
36017235,0.0
30681477,0.0
35763203,0.0
35833881,0.0
35961825,0.0
36088143,0.0
36016639,0.0
36049517,0.0
36014147,0.0
35839939,0.0
35868381,0.0
35740071,0.0
35971207,0.0
36022173,0.0
36028887,0.0
35812641,0.0
36024461,0.0
36014455,0.0
36016289,0.0
35769857,0.0
35722329,0.0
35819813,0.0
35758467,0.0
35887023,0.0
36027719,0.0
35882449,0.0
32839323,0.0
35801993,0.0
35971011,0.0
35897085,0.0
35969239,0.0
36045975,0.0
35906893,0.0
36069001,0.0
35834941,0.0
35829827,0.0
36019669,0.0
36016653,0.0
36015801,0.0
35846239,0.0
36026433,0.0
36057081,0.0
35956977,0.0
35760607,0.0
35862513,0.0
35813569,0.0
35911197,0.0
35778751,0.0
36013069,0.0
35800265,0.0
36002183,0.0
36046713,0.0
36004497,0.0
35762987,0.0
35826883,0.0
35824403,0.0
35745899,0.0
35855773,0.0
35852231,0.0
36026797,0.0
35796381,0.0
35851033,0.0
35761515,0.0
35840631,0.0
36000433,0.0
34985413,0.0
36038167,0.0
35970765,0.0
36078761,0.0
35881857,0.0
35758033,0.0
36062633,0.0
35876275,0.0
35800581,0.0
36051955,0.0
36053047,0.0
36009757,0.0
35851529,0.0
36017929,0.0
35838449,0.0
36035389,0.0
35830693,0.0
35849103,0.0
35781135,0.0
36043341,0.0
35755775,0.0
35789307,0.0
35782507,0.0
35851115,0.0
35964381,0.0
35790611,0.0
36044941,0.0
35913005,0.0
35800751,0.0
35776071,0.0
36050089,0.0
36060569,0.0
35845435,0.0
35940039,0.0
36033835,0.0
35871497,0.0
35862033,0.0
35842855,0.0
35840343,0.0
36046953,0.0
35806519,0.0
36036369,0.0
36025855,0.0
35871761,0.0
35962397,0.0
35824031,0.0
36035307,0.0
35860277,0.0
35875387,0.0
35867127,0.0
35970345,0.0
36053715,0.0
35852145,0.0
36017949,0.0
36040781,0.0
35780237,0.0
35991789,0.0
35765821,0.0
36022089,0.0
35769411,0.0
35815487,0.0
35897131,0.0
35775899,0.0
35763253,0.0
35765675,0.0
35829503,0.0
35814503,0.0
36025825,0.0
35809837,0.0
36013821,0.0
35852637,0.0
35745113,0.0
35862131,0.0
36058861,0.0
35790535,0.0
35824357,0.0
35864129,0.0
36047481,0.0
35902199,0.0
36025815,0.0
36050029,0.0
36013071,0.0
35800215,0.0
35869491,0.0
35919717,0.0
35755421,0.0
35795903,0.0
35876201,0.0
35832575,0.0
35815771,0.0
36081821,0.0
36010889,0.0
35998947,0.0
35871265,0.0
35753057,0.0
35799575,0.0
35844677,0.0
35793257,0.0
35903999,0.0
35970487,0.0
36050479,0.0
35832011,0.0
35891367,0.0
35851017,0.0
35797155,0.0
36047025,0.0
36037867,0.0
36042025,0.0
36029531,0.0
36062309,0.0
35869631,0.0
35891415,0.0
36063639,0.0
36048857,0.0
35810869,0.0
35886735,0.0
35901437,0.0
35880727,0.0
22729585,0.0
36087313,0.0
36057329,0.0
35881667,0.0
34939569,0.0
36001819,0.0
35786849,0.0
36053445,0.0
35745549,0.0
35971855,0.0
35760937,0.0
36034789,0.0
35970419,0.0
35886047,0.0
35882841,0.0
36042533,0.0
35779491,0.0
35846613,0.0
35886507,0.0
33036233,0.0
35854559,0.0
35999497,0.0
36000297,0.0
35871573,0.0
35796379,0.0
35964285,0.0
35845681,0.0
35791687,0.0
35862119,0.0
36033007,0.0
35814555,0.0
35928593,0.0
35850657,0.0
36068787,0.0
35856447,0.0
35852669,0.0
35999527,0.0
35835991,0.0
35838119,0.0
35794601,0.0
36039069,0.0
35932717,0.0
35793287,0.0
35777875,0.0
36035601,0.0
36000265,0.0
36030527,0.0
36000269,0.0
35882579,0.0
36062155,0.0
35886131,0.0
36059717,0.0
35859005,0.0
35801067,0.0
35883395,0.0
35991967,0.0
35949549,0.0
35779537,0.0
35868495,0.0
36013229,0.0
36029551,0.0
35971125,0.0
35829601,0.0
35859751,0.0
35891275,0.0
35733505,0.0
36006719,0.0
36019995,0.0
35999263,0.0
36010407,0.0
35804491,0.0
35808459,0.0
35778095,0.0
35882581,0.0
35628847,0.0
35928635,0.0
35878495,0.0
35855285,0.0
26968941,0.0
35782291,0.0
35839895,0.0
35879709,0.0
36056029,0.0
35880525,0.0
35889413,0.0
35779383,0.0
35757501,0.0
35800475,0.0
35869203,0.0
35861571,0.0
35812639,0.0
35892083,0.0
35845993,0.0
36055401,0.0
36024981,0.0
36040767,0.0
35899999,0.0
35852687,0.0
35868367,0.0
35784239,0.0
35886225,0.0
36046997,0.0
36031561,0.0
22991583,0.0
36017015,0.0
35852101,0.0
36058631,0.0
35819491,0.0
35752907,0.0
35868475,0.0
36033447,0.0
36022485,0.0
35835737,0.0
35972779,0.0
36013863,0.0
35792203,0.0
35816089,0.0
35874721,0.0
36086361,0.0
35776121,0.0
35782955,0.0
36048307,0.0
35850893,0.0
35978041,0.0
36016633,0.0
36026425,0.0
35929943,0.0
35787275,0.0
35798773,0.0
35845683,0.0
36041603,0.0
35757171,0.0
36052333,0.0
35775259,0.0
36018559,0.0
35712431,0.0
35760511,0.0
35874541,0.0
35996015,0.0
35746209,0.0
35999771,0.0
35739865,0.0
36062131,0.0
36017359,0.0
36071075,0.0
35765507,0.0
35985735,0.0
34377103,0.0
36063343,0.0
36003189,0.0
35823399,0.0
36047395,0.0
35778133,0.0
36012919,0.0
35760105,0.0
35811427,0.0
36035919,0.0
35919831,0.0
35883335,0.0
35801041,0.0
35750677,0.0
35965419,0.0
35845467,0.0
35999665,0.0
36071999,0.0
35751225,0.0
35734421,0.0
35875497,0.0
36004357,0.0
36001925,0.0
36041071,0.0
35913215,0.0
35928475,0.0
35881219,0.0
36018053,0.0
35876207,0.0
36017223,0.0
35819341,0.0
35827521,0.0
35793637,0.0
36044735,0.0
36038305,0.0
36037487,0.0
35792439,0.0
35779217,0.0
36081623,0.0
35842397,0.0
35795351,0.0
36035541,0.0
35815533,0.0
35769933,0.0
35800579,0.0
36020691,0.0
35741395,0.0
36095467,0.0
21515815,0.0
35998897,0.0
36020759,0.0
36041025,0.0
35835801,0.0
35871655,0.0
36037519,0.0
35745393,0.0
36005425,0.0
36021707,0.0
36056413,0.0
35863559,0.0
35854871,0.0
35859067,0.0
36049757,0.0
35874875,0.0
35762995,0.0
35812499,0.0
35821887,0.0
35850667,0.0
36036487,0.0
35861947,0.0
36067579,0.0
35752987,0.0
36001899,0.0
35963791,0.0
35761039,0.0
35897195,0.0
36025465,0.0
35796351,0.0
35965239,0.0
36027147,0.0
36047833,0.0
35879777,0.0
35857695,0.0
35864095,0.0
35849415,0.0
35834681,0.0
35807913,0.0
35881061,0.0
35811283,0.0
36036547,0.0
35872115,0.0
35864097,0.0
28471893,0.0
35875805,0.0
35831589,0.0
35833947,0.0
35874655,0.0
35847619,0.0
36011017,0.0
36032641,0.0
36050789,0.0
36017335,0.0
36025821,0.0
32342591,0.0
35835495,0.0
35764775,0.0
35812245,0.0
36000385,0.0
35970951,0.0
36028795,0.0
15120195,0.0
35811109,0.0
35831515,0.0
35777533,0.0
36051179,0.0
36037145,0.0
35773567,0.0
35760649,0.0
35772225,0.0
35794939,0.0
35832033,0.0
35835975,0.0
36006237,0.0
35763545,0.0
36068463,0.0
36010607,0.0
35761741,0.0
35836211,0.0
35889071,0.0
36035579,0.0
35824227,0.0
36045445,0.0
35754917,0.0
35856887,0.0
35842313,0.0
35999431,0.0
36000173,0.0
35835393,0.0
35777903,0.0
35911263,0.0
35859547,0.0
35757497,0.0
15012687,0.0
35867079,0.0
30692803,0.0
36008897,0.0
36050673,0.0
35782321,0.0
36047899,0.0
35767977,0.0
35753233,0.0
35970443,0.0
36018353,0.0
35883303,0.0
36033665,0.0
36014545,0.0
36055541,0.0
34916859,0.0
36060141,0.0
36013875,0.0
35759753,0.0
35820521,0.0
36011767,0.0
35859837,0.0
35739817,0.0
35867061,0.0
35826433,0.0
36023791,0.0
35769851,0.0
35776197,0.0
36062269,0.0
35814403,0.0
35939935,0.0
33523891,0.0
36026639,0.0
35777537,0.0
35747601,0.0
36066147,0.0
35846155,0.0
36049777,0.0
35872145,0.0
35881103,0.0
36091909,0.0
35910949,0.0
35995885,0.0
36018283,0.0
35821671,0.0
35780917,0.0
35827391,0.0
36013749,0.0
35903003,0.0
35913071,0.0
35831695,0.0
36083849,0.0
35870157,0.0
35780975,0.0
35986049,0.0
36018005,0.0
36062565,0.0
35753035,0.0
36061791,0.0
35828433,0.0
35785101,0.0
35904343,0.0
36043359,0.0
35777947,0.0
35871567,0.0
36045969,0.0
36074461,0.0
35791121,0.0
36014277,0.0
35865121,0.0
35875025,0.0
35787973,0.0
35821649,0.0
35886121,0.0
35970375,0.0
35795707,0.0
36060875,0.0
35841561,0.0
35906083,0.0
35790517,0.0
35815101,0.0
35777995,0.0
35871943,0.0
36046959,0.0
35949643,0.0
35449869,0.0
35835519,0.0
35877493,0.0
36076197,0.0
36044881,0.0
35964519,0.0
35910855,0.0
35875091,0.0
36027441,0.0
35903647,0.0
36021319,0.0
36005441,0.0
36050269,0.0
35852723,0.0
35789759,0.0
35863585,0.0
35861623,0.0
35883471,0.0
35782015,0.0
35752831,0.0
35753043,0.0
36029097,0.0
36047279,0.0
35903047,0.0
35835811,0.0
35825663,0.0
36016381,0.0
35831949,0.0
36016605,0.0
35806315,0.0
35809827,0.0
36014785,0.0
35957043,0.0
35957025,0.0
36010543,0.0
36050041,0.0
35884357,0.0
36010693,0.0
35793839,0.0
35819867,0.0
35781035,0.0
36066573,0.0
35995607,0.0
36078803,0.0
36022491,0.0
35755815,0.0
36050329,0.0
36050493,0.0
35881157,0.0
35752865,0.0
35849809,0.0
36045907,0.0
35949641,0.0
35760717,0.0
35772585,0.0
35874887,0.0
35782093,0.0
35822391,0.0
35940093,0.0
36027849,0.0
35824355,0.0
35782753,0.0
35859667,0.0
35781685,0.0
35779461,0.0
35874981,0.0
35891421,0.0
35014299,0.0
35889423,0.0
36051059,0.0
36015959,0.0
35998055,0.0
35823751,0.0
35831447,0.0
36031531,0.0
36009317,0.0
35763429,0.0
35871673,0.0
35785339,0.0
35854099,0.0
35874867,0.0
36073445,0.0
36018265,0.0
35840449,0.0
34320879,0.0
36032313,0.0
35818019,0.0
35970659,0.0
35897283,0.0
35817971,0.0
35754503,0.0
35800327,0.0
35835715,0.0
36027803,0.0
35812691,0.0
36055907,0.0
35859645,0.0
35760693,0.0
35777883,0.0
35846467,0.0
35899889,0.0
35861487,0.0
35812989,0.0
35791167,0.0
35812129,0.0
35865071,0.0
36026755,0.0
36092289,0.0
35453095,0.0
36088443,0.0
36031497,0.0
35808253,0.0
35824915,0.0
35726111,0.0
35861823,0.0
35831713,0.0
36025529,0.0
35756825,0.0
36023289,0.0
35999195,0.0
35888597,0.0
35796505,0.0
36015531,0.0
35910981,0.0
35824207,0.0
35794173,0.0
35840237,0.0
35949923,0.0
35808335,0.0
35835857,0.0
36059135,0.0
35808007,0.0
36045369,0.0
35878499,0.0
35768153,0.0
35861265,0.0
35937239,0.0
35874905,0.0
35854877,0.0
35749023,0.0
35782967,0.0
35787741,0.0
35794937,0.0
35752921,0.0
35868235,0.0
35749001,0.0
35804723,0.0
36050123,0.0
35800747,0.0
35821533,0.0
32737479,0.0
35851337,0.0
35815489,0.0
36040499,0.0
35861437,0.0
36060417,0.0
36095629,0.0
36020013,0.0
35864289,0.0
35758437,0.0
35742529,0.0
35834645,0.0
35995801,0.0
36027455,0.0
35839877,0.0
30096825,0.0
35782331,0.0
35996103,0.0
36038011,0.0
35852437,0.0
35804415,0.0
35759357,0.0
36012967,0.0
36089443,0.0
35850975,0.0
35874817,0.0
35846401,0.0
35931469,0.0
35991901,0.0
35964971,0.0
35776011,0.0
35876067,0.0
35760601,0.0
34834071,0.0
35801105,0.0
35868839,0.0
35991543,0.0
36036793,0.0
36046447,0.0
35848949,0.0
35965341,0.0
29545769,0.0
35840725,0.0
35985805,0.0
35832077,0.0
32262553,0.0
35830625,0.0
35869561,0.0
36049221,0.0
36053815,0.0
35734507,0.0
35817269,0.0
35813485,0.0
35999641,0.0
35808343,0.0
36048395,0.0
35815815,0.0
35883339,0.0
36037839,0.0
35871849,0.0
35851513,0.0
36041015,0.0
35861435,0.0
35820387,0.0
35815993,0.0
36078369,0.0
36025229,0.0
35875093,0.0
35880611,0.0
35782447,0.0
35757051,0.0
36029929,0.0
36048049,0.0
36037895,0.0
36003619,0.0
35873745,0.0
35819365,0.0
32707467,0.0
35764767,0.0
35810911,0.0
35853187,0.0
35866965,0.0
36065861,0.0
35841089,0.0
35979573,0.0
35807943,0.0
35768455,0.0
36025823,0.0
35761849,0.0
36048785,0.0
36009025,0.0
36050671,0.0
35852667,0.0
35981797,0.0
36055737,0.0
35858707,0.0
36019169,0.0
36059511,0.0
35999171,0.0
35807891,0.0
35970469,0.0
35857755,0.0
36040827,0.0
36041953,0.0
35757523,0.0
36062383,0.0
35852713,0.0
35964367,0.0
35855193,0.0
36021275,0.0
35972831,0.0
35816189,0.0
35904585,0.0
35886765,0.0
35782131,0.0
35859493,0.0
35812153,0.0
35796685,0.0
35795671,0.0
35887221,0.0
32781277,0.0
35823731,0.0
35798687,0.0
35842163,0.0
35891847,0.0
35314013,0.0
35696165,0.0
35782155,0.0
36049761,0.0
35835589,0.0
35886847,0.0
35864919,0.0
35972849,0.0
35855231,0.0
35885917,0.0
35730115,0.0
35756757,0.0
35768259,0.0
35916097,0.0
36006703,0.0
35864365,0.0
35859455,0.0
35783121,0.0
36040065,0.0
35808579,0.0
35919865,0.0
35760361,0.0
35875055,0.0
35758165,0.0
36002559,0.0
35784425,0.0
35897027,0.0
36037775,0.0
35939807,0.0
35760311,0.0
35886223,0.0
35783111,0.0
35881075,0.0
35835939,0.0
35763619,0.0
36017411,0.0
35887153,0.0
36010189,0.0
35881697,0.0
35891417,0.0
36040815,0.0
35800021,0.0
35787419,0.0
35786381,0.0
35856181,0.0
36079775,0.0
36056997,0.0
36041753,0.0
35887139,0.0
36027287,0.0
35864777,0.0
36038195,0.0
35795073,0.0
35836883,0.0
36047599,0.0
35939751,0.0
35851031,0.0
35800681,0.0
36027839,0.0
35851279,0.0
35842093,0.0
35861369,0.0
35807619,0.0
35851239,0.0
35890497,0.0
35757471,0.0
28820507,0.0
35852845,0.0
35808301,0.0
35776285,0.0
33280477,0.0
35820647,0.0
35868409,0.0
36022503,0.0
36037255,0.0
35959887,0.0
35858541,0.0
35757493,0.0
35824315,0.0
35857575,0.0
35829335,0.0
36050991,0.0
35885905,0.0
35871341,0.0
35987463,0.0
35906219,0.0
35781191,0.0
35903791,0.0
35856545,0.0
35949891,0.0
35851641,0.0
36033047,0.0
36033959,0.0
35812783,0.0
35780201,0.0
35879533,0.0
35964317,0.0
35815419,0.0
35835889,0.0
35911451,0.0
35879579,0.0
36017851,0.0
35826941,0.0
35739859,0.0
36014929,0.0
35901429,0.0
35878079,0.0
36047907,0.0
34903975,0.0
35888949,0.0
35888959,0.0
36018219,0.0
36063171,0.0
35864211,0.0
36050345,0.0
36035595,0.0
35800635,0.0
32792565,0.0
36078855,0.0
35858819,0.0
35776365,0.0
35864867,0.0
35902889,0.0
35826893,0.0
35762295,0.0
35820417,0.0
35997989,0.0
36033331,0.0
35800841,0.0
35827359,0.0
35800705,0.0
35824073,0.0
35889659,0.0
36057503,0.0
35961411,0.0
35798657,0.0
35947667,0.0
35851539,0.0
36032437,0.0
35786861,0.0
35845503,0.0
35744709,0.0
35961571,0.0
35845003,0.0
35829351,0.0
35879629,0.0
35842211,0.0
35831989,0.0
36060495,0.0
35793403,0.0
36000035,0.0
36018245,0.0
35219635,0.0
35849811,0.0
35861551,0.0
35819907,0.0
35771951,0.0
34884819,0.0
35812741,0.0
35806247,0.0
35886579,0.0
36016881,0.0
36053641,0.0
35868649,0.0
36070981,0.0
36014623,0.0
35738065,0.0
35863931,0.0
35807311,0.0
36063571,0.0
35795145,0.0
30195645,0.0
35889241,0.0
35999405,0.0
36026979,0.0
35985303,0.0
36013125,0.0
35779261,0.0
33322601,0.0
35899075,0.0
36026917,0.0
35836117,0.0
17970357,0.0
35846351,0.0
35770491,0.0
35861663,0.0
36048539,0.0
35970351,0.0
35820751,0.0
35856927,0.0
35871461,0.0
35745529,0.0
36003011,0.0
35953833,0.0
35744713,0.0
35867375,0.0
35998781,0.0
35856727,0.0
36014537,0.0
35757469,0.0
36037195,0.0
35901423,0.0
35949523,0.0
36059679,0.0
35899443,0.0
36025919,0.0
36029403,0.0
35864465,0.0
36033231,0.0
35764737,0.0
35830463,0.0
35842597,0.0
35939767,0.0
35808487,0.0
35761805,0.0
36027193,0.0
35786379,0.0
35867299,0.0
35886517,0.0
32085967,0.0
35965527,0.0
35870957,0.0
35808815,0.0
35961307,0.0
35798635,0.0
35813473,0.0
36049823,0.0
35820365,0.0
35757511,0.0
35605459,0.0
35735417,0.0
35890101,0.0
35812811,0.0
35826853,0.0
27528015,0.0
35852277,0.0
36061139,0.0
35739807,0.0
35760631,0.0
35874537,0.0
35774537,0.0
36005769,0.0
35908115,0.0
36010629,0.0
35871831,0.0
35989433,0.0
35745889,0.0
35745941,0.0
35842117,0.0
35858885,0.0
35765655,0.0
35826343,0.0
35776067,0.0
36055405,0.0
36071213,0.0
36046395,0.0
35999623,0.0
35897341,0.0
36020657,0.0
35902101,0.0
35825607,0.0
36048111,0.0
35859643,0.0
27069823,0.0
36061769,0.0
35833067,0.0
36008763,0.0
35840657,0.0
35808247,0.0
19661931,0.0
35999261,0.0
36052359,0.0
35802401,0.0
35855233,0.0
36013787,0.0
35996689,0.0
35863963,0.0
36025955,0.0
35753767,0.0
36055877,0.0
35804423,0.0
35852735,0.0
35966981,0.0
36028033,0.0
35842537,0.0
35796593,0.0
36063223,0.0
29050375,0.0
35768353,0.0
36025709,0.0
35896887,0.0
36033533,0.0
36006161,0.0
35875029,0.0
35816655,0.0
36062647,0.0
31054015,0.0
36049065,0.0
35808281,0.0
35733591,0.0
35885017,0.0
35855129,0.0
36027527,0.0
36018239,0.0
35835509,0.0
35768533,0.0
35867123,0.0
35989195,0.0
36027053,0.0
35997225,0.0
35795271,0.0
36009185,0.0
35761699,0.0
35831303,0.0
36069317,0.0
36048343,0.0
35781765,0.0
35906299,0.0
35839927,0.0
35889319,0.0
35778211,0.0
35867131,0.0
35834649,0.0
35868611,0.0
36023859,0.0
36097557,0.0
36057125,0.0
35889699,0.0
35865367,0.0
35841201,0.0
35852333,0.0
35975861,0.0
36012805,0.0
35908275,0.0
35819959,0.0
35874917,0.0
35996929,0.0
36010227,0.0
35808503,0.0
35782717,0.0
36015995,0.0
35103757,0.0
35870087,0.0
36036363,0.0
35851809,0.0
35850631,0.0
36028869,0.0
36049075,0.0
35989415,0.0
35747889,0.0
35785197,0.0
29322469,0.0
35776487,0.0
35845801,0.0
31402521,0.0
35752243,0.0
35775995,0.0
35836445,0.0
36033265,0.0
35902987,0.0
35800365,0.0
35961441,0.0
35775407,0.0
35961709,0.0
36024065,0.0
36071341,0.0
36051789,0.0
35864395,0.0
36019849,0.0
35851483,0.0
35821261,0.0
35764445,0.0
36018203,0.0
36000989,0.0
36022293,0.0
27193375,0.0
35831485,0.0
35842189,0.0
35875407,0.0
35756879,0.0
35849377,0.0
35812185,0.0
36036765,0.0
36027793,0.0
35856239,0.0
36067907,0.0
35820317,0.0
35796553,0.0
35901495,0.0
36045609,0.0
35899073,0.0
35816407,0.0
35972777,0.0
36040491,0.0
36009415,0.0
36047533,0.0
36046737,0.0
36060005,0.0
36025223,0.0
36033347,0.0
36048525,0.0
35859717,0.0
35840195,0.0
28471917,0.0
36028367,0.0
35858675,0.0
35794891,0.0
35845071,0.0
35874357,0.0
35879529,0.0
36036347,0.0
35761309,0.0
36021079,0.0
36026635,0.0
35804603,0.0
36057533,0.0
35738929,0.0
36010657,0.0
36038915,0.0
36067691,0.0
35778217,0.0
35824479,0.0
35855741,0.0
35903991,0.0
35835605,0.0
35862377,0.0
35807929,0.0
36046517,0.0
35877593,0.0
35815551,0.0
35981821,0.0
34884943,0.0
36032937,0.0
36081793,0.0
35874863,0.0
35995411,0.0
35888651,0.0
36061703,0.0
36003659,0.0
35831661,0.0
35896847,0.0
35807439,0.0
36021903,0.0
35880533,0.0
35831343,0.0
35845393,0.0
35758365,0.0
35757407,0.0
35856557,0.0
36018031,0.0
36097401,0.0
35795259,0.0
35897259,0.0
35808779,0.0
35991917,0.0
36057023,0.0
35765709,0.0
36037259,0.0
35792259,0.0
35886243,0.0
33189069,0.0
35824939,0.0
36031461,0.0
35820669,0.0
36006375,0.0
35878027,0.0
35874907,0.0
36033767,0.0
35776333,0.0
35901267,0.0
35830071,0.0
35874563,0.0
35855903,0.0
35878089,0.0
35814917,0.0
36013281,0.0
36090227,0.0
35758337,0.0
35822781,0.0
35833591,0.0
35872539,0.0
35872811,0.0
36032911,0.0
36057737,0.0
36002611,0.0
35871709,0.0
35871339,0.0
36091105,0.0
35863223,0.0
35820369,0.0
35846007,0.0
36057233,0.0
36031009,0.0
35802099,0.0
36078521,0.0
36062983,0.0
36046385,0.0
36041295,0.0
35857005,0.0
35780967,0.0
35757359,0.0
36047881,0.0
35822997,0.0
35977753,0.0
36060785,0.0
36051335,0.0
36008713,0.0
36061859,0.0
35816021,0.0
36003265,0.0
36040095,0.0
35807833,0.0
35991395,0.0
35963803,0.0
36008991,0.0
36003435,0.0
35771665,0.0
36041123,0.0
35943557,0.0
35757473,0.0
36089605,0.0
35830249,0.0
35812207,0.0
35902207,0.0
36047565,0.0
36062279,0.0
35981699,0.0
35758037,0.0
36052109,0.0
36031595,0.0
35819519,0.0
35852601,0.0
35824383,0.0
35904891,0.0
35997841,0.0
35796559,0.0
36052195,0.0
35755821,0.0
35972863,0.0
36038153,0.0
35874431,0.0
35804743,0.0
35816363,0.0
35868127,0.0
35840009,0.0
35806741,0.0
35861253,0.0
36086867,0.0
35883497,0.0
36000177,0.0
35831701,0.0
36045713,0.0
35851293,0.0
36057983,0.0
35831133,0.0
36048225,0.0
35939989,0.0
35757217,0.0
35885835,0.0
36049249,0.0
35957121,0.0
35826835,0.0
36035255,0.0
35932599,0.0
35899135,0.0
35819993,0.0
35758931,0.0
35776321,0.0
36002705,0.0
35785191,0.0
35835675,0.0
35764437,0.0
35872843,0.0
35970883,0.0
35767489,0.0
36046537,0.0
35839875,0.0
35864283,0.0
35903215,0.0
36045935,0.0
35858983,0.0
35745771,0.0
36049613,0.0
35751567,0.0
35852893,0.0
35763479,0.0
35775437,0.0
35912983,0.0
36029625,0.0
35809231,0.0
35864771,0.0
35997907,0.0
36033237,0.0
36020533,0.0
35846131,0.0
35855161,0.0
36033217,0.0
35835755,0.0
35843079,0.0
35871695,0.0
35874839,0.0
35856465,0.0
35889785,0.0
35785255,0.0
36025759,0.0
35835943,0.0
35939953,0.0
35833063,0.0
35815563,0.0
35834195,0.0
35879511,0.0
35746607,0.0
35798665,0.0
35864467,0.0
35795087,0.0
35813099,0.0
35753135,0.0
36053345,0.0
35755853,0.0
35784543,0.0
36041215,0.0
35763157,0.0
35897435,0.0
35897503,0.0
35765941,0.0
35777173,0.0
35838467,0.0
36053627,0.0
35752945,0.0
36026819,0.0
35997219,0.0
35781705,0.0
36010997,0.0
36046361,0.0
36040961,0.0
35996335,0.0
35793927,0.0
35748135,0.0
36023939,0.0
35889399,0.0
35849145,0.0
36040281,0.0
36058101,0.0
35769737,0.0
35862533,0.0
36059689,0.0
35832633,0.0
35920129,0.0
35814637,0.0
35901675,0.0
35811451,0.0
35852335,0.0
36048159,0.0
36047007,0.0
29545789,0.0
35964167,0.0
35779389,0.0
35863531,0.0
36046667,0.0
36015825,0.0
35760619,0.0
35965503,0.0
35845509,0.0
35763483,0.0
25822621,0.0
35820519,0.0
36011919,0.0
35801077,0.0
35782353,0.0
35896535,0.0
35871309,0.0
36005759,0.0
36043487,0.0
35932815,0.0
35824449,0.0
35763679,0.0
35821593,0.0
35808587,0.0
36026835,0.0
35779229,0.0
35873787,0.0
35759229,0.0
36063353,0.0
36067899,0.0
35878489,0.0
36062023,0.0
36032291,0.0
36003623,0.0
35732001,0.0
35836037,0.0
35886763,0.0
35847879,0.0
35852161,0.0
35865207,0.0
30456187,0.0
36050347,0.0
35887289,0.0
36057747,0.0
35965135,0.0
35818195,0.0
35745159,0.0
35746761,0.0
35880597,0.0
35962107,0.0
35901265,0.0
35964939,0.0
35812151,0.0
35851367,0.0
36052379,0.0
36090627,0.0
35827497,0.0
35917989,0.0
24889411,0.0
35942069,0.0
36046309,0.0
36041661,0.0
35763189,0.0
36044109,0.0
35814869,0.0
35957123,0.0
35734225,0.0
35787259,0.0
36098151,0.0
35870867,0.0
35839503,0.0
35781387,0.0
35857811,0.0
35840403,0.0
35862023,0.0
35921967,0.0
35848551,0.0
35760373,0.0
35797175,0.0
35864417,0.0
35866947,0.0
34853627,0.0
36087095,0.0
35851615,0.0
35771669,0.0
35996291,0.0
35872845,0.0
35811069,0.0
35991729,0.0
35864057,0.0
35903411,0.0
36050633,0.0
35842483,0.0
35819699,0.0
35872569,0.0
35860175,0.0
35822935,0.0
35852889,0.0
36081893,0.0
35864973,0.0
35777529,0.0
36056429,0.0
36067455,0.0
36055543,0.0
35756837,0.0
36090165,0.0
35989273,0.0
36049179,0.0
35744975,0.0
35842249,0.0
35901741,0.0
35875151,0.0
35780985,0.0
35796359,0.0
35842349,0.0
35804663,0.0
35577755,0.0
35801009,0.0
35879279,0.0
35996009,0.0
35842047,0.0
35981837,0.0
35881569,0.0
35842513,0.0
35853789,0.0
35852799,0.0
35917961,0.0
35780185,0.0
35835745,0.0
36006381,0.0
35820565,0.0
36021047,0.0
35761555,0.0
36050743,0.0
36031027,0.0
35753075,0.0
36013235,0.0
35804629,0.0
35875249,0.0
35962659,0.0
35999635,0.0
36075083,0.0
35847833,0.0
35794087,0.0
36003641,0.0
36061413,0.0
35839951,0.0
35763323,0.0
36026351,0.0
35857265,0.0
36048065,0.0
35999077,0.0
35830089,0.0
35810465,0.0
36036081,0.0
35798887,0.0
35876303,0.0
36048865,0.0
35907291,0.0
36046199,0.0
30559461,0.0
35789783,0.0
35867311,0.0
35854841,0.0
36050651,0.0
35888875,0.0
36003483,0.0
35842035,0.0
35875205,0.0
35837199,0.0
35971073,0.0
36033805,0.0
35768191,0.0
36033003,0.0
35872051,0.0
35818123,0.0
